id,entityKind,type,entityValue,sourceID,tag
1508793698298425,key,uid,ebay - #321491846482,ebay - #321491846482,NULL
1508793698299084,key,uid,ebay - #321523583504,ebay - #321523583504,NULL
1508793698299293,key,uid,ebay - #321527731877,ebay - #321527731877,NULL
1508793698293327,key,uid,ebay - #321336583678,ebay - #321336583678,NULL
1508793698292810,key,uid,ebay - #321331257401,ebay - #321331257401,NULL
1508793698292748,key,uid,ebay - #321329307023,ebay - #321329307023,NULL
1508793698292741,key,uid,ebay - #321329252415,ebay - #321329252415,NULL
1508793698292729,key,uid,ebay - #321329172941,ebay - #321329172941,NULL
1508793698292720,key,uid,ebay - #321329115061,ebay - #321329115061,NULL
1508793698292707,key,uid,ebay - #321328523172,ebay - #321328523172,NULL
1508793698292694,key,uid,ebay - #321328167792,ebay - #321328167792,NULL
1508793698292664,key,uid,ebay - #321327674785,ebay - #321327674785,NULL
1508793698292659,key,uid,ebay - #321327671594,ebay - #321327671594,NULL
1508793698292648,key,uid,ebay - #321327438021,ebay - #321327438021,NULL
1508793698292642,key,uid,ebay - #321327434705,ebay - #321327434705,NULL
1508793698292625,key,uid,ebay - #321326749614,ebay - #321326749614,NULL
1508793698292612,key,uid,ebay - #321326574215,ebay - #321326574215,NULL
1508793698292608,key,uid,ebay - #321326488164,ebay - #321326488164,NULL
1508793698292605,key,uid,ebay - #321326150676,ebay - #321326150676,NULL
1508793698292592,key,uid,ebay - #321326072243,ebay - #321326072243,NULL
1508793698292586,key,uid,ebay - #321325934668,ebay - #321325934668,NULL
1508793698292582,key,uid,ebay - #321325881640,ebay - #321325881640,NULL
1508793698292577,key,uid,ebay - #321325817181,ebay - #321325817181,NULL
1508793698292575,key,uid,ebay - #321325391552,ebay - #321325391552,NULL
1508793698292569,key,uid,ebay - #321325346946,ebay - #321325346946,NULL
1508793698292562,key,uid,ebay - #321324842284,ebay - #321324842284,NULL
1508793698292559,key,uid,ebay - #321324742364,ebay - #321324742364,NULL
1508793698292554,key,uid,ebay - #321324738134,ebay - #321324738134,NULL
1508793698292552,key,uid,ebay - #321324605684,ebay - #321324605684,NULL
1508793698292548,key,uid,ebay - #321324582085,ebay - #321324582085,NULL
1508793698292518,key,uid,ebay - #321324018701,ebay - #321324018701,NULL
1508793698292514,key,uid,ebay - #321323946495,ebay - #321323946495,NULL
1508793698292510,key,uid,ebay - #321323941921,ebay - #321323941921,NULL
1508793698292506,key,uid,ebay - #321323854252,ebay - #321323854252,NULL
1508793698292500,key,uid,ebay - #321323796529,ebay - #321323796529,NULL
1508793698292497,key,uid,ebay - #321323781484,ebay - #321323781484,NULL
1508793698292494,key,uid,ebay - #321323757251,ebay - #321323757251,NULL
1508793698292490,key,uid,ebay - #321323736096,ebay - #321323736096,NULL
1508793698292486,key,uid,ebay - #321323426802,ebay - #321323426802,NULL
1508793698292479,key,uid,ebay - #321323391200,ebay - #321323391200,NULL
1508793698292475,key,uid,ebay - #321323345781,ebay - #321323345781,NULL
1508793698292472,key,uid,ebay - #321323308440,ebay - #321323308440,NULL
1508793698292465,key,uid,ebay - #321323308421,ebay - #321323308421,NULL
1508793698292457,key,uid,ebay - #321323254632,ebay - #321323254632,NULL
1508793698292446,key,uid,ebay - #321323233392,ebay - #321323233392,NULL
1508793698292347,key,uid,ebay - #321322927498,ebay - #321322927498,NULL
1508793698292343,key,uid,ebay - #321322922441,ebay - #321322922441,NULL
1508793698292332,key,uid,ebay - #321322892657,ebay - #321322892657,NULL
1508793698292329,key,uid,ebay - #321322877962,ebay - #321322877962,NULL
1508793698292322,key,uid,ebay - #321322868496,ebay - #321322868496,NULL
1508793698292320,key,uid,ebay - #321322866079,ebay - #321322866079,NULL
1508793698292282,key,uid,ebay - #321322684612,ebay - #321322684612,NULL
1508793698292253,key,uid,ebay - #321322532665,ebay - #321322532665,NULL
1508793698292245,key,uid,ebay - #321322514288,ebay - #321322514288,NULL
1508793698291865,key,uid,ebay - #321321310484,ebay - #321321310484,NULL
1508793698290185,key,uid,ebay - #321261734766,ebay - #321261734766,NULL
1508793698289765,key,uid,ebay - #321234025306,ebay - #321234025306,NULL
1508793698289759,node,name,babieblackcat,ebay - #321234002751,NULL
1508793698289758,node,phone,206 631 0503,ebay - #321234002751,NULL
1508793698289757,key,uid,ebay - #321234002751,ebay - #321234002751,NULL
1508793698289756,node,email,babieblackcat@yahoo.com,ebay - #321234002751,NULL
1508793698294426,key,uid,ebay - #321348571362,ebay - #321348571362,NULL
1508793698293268,key,uid,ebay - #321335816894,ebay - #321335816894,NULL
1508793698292848,key,uid,ebay - #321332424292,ebay - #321332424292,NULL
1508793698292786,key,uid,ebay - #321330559451,ebay - #321330559451,NULL
1508793698292778,key,uid,ebay - #321330499443,ebay - #321330499443,NULL
1508793698292688,key,uid,ebay - #321328149618,ebay - #321328149618,NULL
1508793698292673,key,uid,ebay - #321327738026,ebay - #321327738026,NULL
1508793698292622,key,uid,ebay - #321326635615,ebay - #321326635615,NULL
1508793698292614,key,uid,ebay - #321326593802,ebay - #321326593802,NULL
1508793698292600,key,uid,ebay - #321326110535,ebay - #321326110535,NULL
1508793698292596,key,uid,ebay - #321326106123,ebay - #321326106123,NULL
1508793698292807,key,uid,ebay - #321331247609,ebay - #321331247609,NULL
1508793698299672,key,uid,ebay - #321531964076,ebay - #321531964076,NULL
1508793698299560,key,uid,ebay - #321531352104,ebay - #321531352104,NULL
1508793698300308,key,uid,ebay - #321540864158,ebay - #321540864158,NULL
1508793698299552,key,uid,ebay - #321531310890,ebay - #321531310890,NULL
1508793698299528,key,uid,ebay - #321531121132,ebay - #321531121132,NULL
1508793698299522,key,uid,ebay - #321531104991,ebay - #321531104991,NULL
1508793698299491,key,uid,ebay - #321530931573,ebay - #321530931573,NULL
1508793698299475,key,uid,ebay - #321530521238,ebay - #321530521238,NULL
1508793698299438,key,uid,ebay - #321530335787,ebay - #321530335787,NULL
1508793698299413,key,uid,ebay - #321529641423,ebay - #321529641423,NULL
1508793698299408,key,uid,ebay - #321529640161,ebay - #321529640161,NULL
1508793698299386,key,uid,ebay - #321529509086,ebay - #321529509086,NULL
1508793698299367,key,uid,ebay - #321528816402,ebay - #321528816402,NULL
1508793698299353,key,uid,ebay - #321528428505,ebay - #321528428505,NULL
1508793698299338,key,uid,ebay - #321527887739,ebay - #321527887739,NULL
1508793698299320,key,uid,ebay - #321527776096,ebay - #321527776096,NULL
1508793698299316,key,uid,ebay - #321527769862,ebay - #321527769862,NULL
1508793698299310,key,uid,ebay - #321527757857,ebay - #321527757857,NULL
1508793698299307,key,uid,ebay - #321527733986,ebay - #321527733986,NULL
1508793698299297,key,uid,ebay - #321527732258,ebay - #321527732258,NULL
1508793698299286,key,uid,ebay - #321527727692,ebay - #321527727692,NULL
1508793698300537,key,uid,ebay - #321544278116,ebay - #321544278116,NULL
1508793698299277,key,uid,ebay - #321527562395,ebay - #321527562395,NULL
1508793698299268,key,uid,ebay - #321527372493,ebay - #321527372493,NULL
1508793698299261,key,uid,ebay - #321526855405,ebay - #321526855405,NULL
1508793698300559,key,uid,ebay - #321544593838,ebay - #321544593838,NULL
1508793698299250,key,uid,ebay - #321526713874,ebay - #321526713874,NULL
1508793698299244,key,uid,ebay - #321526386446,ebay - #321526386446,NULL
1508793698299238,key,uid,ebay - #321526338142,ebay - #321526338142,NULL
1508793698299233,key,uid,ebay - #321526293254,ebay - #321526293254,NULL
1508793698300597,key,uid,ebay - #321544970628,ebay - #321544970628,NULL
1508793698299222,key,uid,ebay - #321526201847,ebay - #321526201847,NULL
1508793698299218,key,uid,ebay - #321525918014,ebay - #321525918014,NULL
1508793698299211,key,uid,ebay - #321525769018,ebay - #321525769018,NULL
1508793698300632,key,uid,ebay - #321545433789,ebay - #321545433789,NULL
1508793698299206,key,uid,ebay - #321525669233,ebay - #321525669233,NULL
1508793698299194,key,uid,ebay - #321525536339,ebay - #321525536339,NULL
1508793698299183,key,uid,ebay - #321525336243,ebay - #321525336243,NULL
1508793698299177,key,uid,ebay - #321525324148,ebay - #321525324148,NULL
1508793698299172,key,uid,ebay - #321525262481,ebay - #321525262481,NULL
1508793698300654,key,uid,ebay - #321545951743,ebay - #321545951743,NULL
1508793698299158,key,uid,ebay - #321524802758,ebay - #321524802758,NULL
1508793698300665,key,uid,ebay - #321546287014,ebay - #321546287014,NULL
1508793698299153,key,uid,ebay - #321524780032,ebay - #321524780032,NULL
1508793698299151,key,uid,ebay - #321524777846,ebay - #321524777846,NULL
1508793698299146,key,uid,ebay - #321524735603,ebay - #321524735603,NULL
1508793698300697,key,uid,ebay - #321547239362,ebay - #321547239362,NULL
1508793698299141,key,uid,ebay - #321524726668,ebay - #321524726668,NULL
1508793698299126,key,uid,ebay - #321524613543,ebay - #321524613543,NULL
1508793698299119,key,uid,ebay - #321524392446,ebay - #321524392446,NULL
1508793698299107,key,uid,ebay - #321524170328,ebay - #321524170328,NULL
1508793698299098,key,uid,ebay - #321523956757,ebay - #321523956757,NULL
1508793698299091,key,uid,ebay - #321523663559,ebay - #321523663559,NULL
1508793698299086,key,uid,ebay - #321523605439,ebay - #321523605439,NULL
1508793698299078,key,uid,ebay - #321523522243,ebay - #321523522243,NULL
1508793698299044,key,uid,ebay - #321522613810,ebay - #321522613810,NULL
1508793698299023,key,uid,ebay - #321520990167,ebay - #321520990167,NULL
1508793698298892,key,uid,ebay - #321520871727,ebay - #321520871727,NULL
1508793698298849,key,uid,ebay - #321520292137,ebay - #321520292137,NULL
1508793698298841,key,uid,ebay - #321520064550,ebay - #321520064550,NULL
1508793698298832,key,uid,ebay - #321519170817,ebay - #321519170817,NULL
1508793698298800,key,uid,ebay - #321517403240,ebay - #321517403240,NULL
1508793698298792,key,uid,ebay - #321516707910,ebay - #321516707910,NULL
1508793698298612,key,uid,ebay - #321501303049,ebay - #321501303049,NULL
1508793698298608,key,uid,ebay - #321501299528,ebay - #321501299528,NULL
1508793698298431,key,uid,ebay - #321491856439,ebay - #321491856439,NULL
1508793698298416,key,uid,ebay - #321491490321,ebay - #321491490321,NULL
1508793698300886,key,uid,ebay - #321551188964,ebay - #321551188964,NULL
1508793698298412,key,uid,ebay - #321491489454,ebay - #321491489454,NULL
1508793698298407,key,uid,ebay - #321491468220,ebay - #321491468220,NULL
1508793698298404,key,uid,ebay - #321491456718,ebay - #321491456718,NULL
1508793698298400,key,uid,ebay - #321491324611,ebay - #321491324611,NULL
1508793698298396,key,uid,ebay - #321491305494,ebay - #321491305494,NULL
1508793698298389,key,uid,ebay - #321491283512,ebay - #321491283512,NULL
1508793698298387,key,uid,ebay - #321491283455,ebay - #321491283455,NULL
1508793698298382,key,uid,ebay - #321491277407,ebay - #321491277407,NULL
1508793698298377,key,uid,ebay - #321491186715,ebay - #321491186715,NULL
1508793698298367,key,uid,ebay - #321491135394,ebay - #321491135394,NULL
1508793698298363,key,uid,ebay - #321491098701,ebay - #321491098701,NULL
1508793698298360,key,uid,ebay - #321491029503,ebay - #321491029503,NULL
1508793698298348,key,uid,ebay - #321491024171,ebay - #321491024171,NULL
1508793698298341,key,uid,ebay - #321491018691,ebay - #321491018691,NULL
1508793698301016,key,uid,ebay - #321552433361,ebay - #321552433361,NULL
1508793698301019,key,uid,ebay - #321552478973,ebay - #321552478973,NULL
1508793698298338,key,uid,ebay - #321490881555,ebay - #321490881555,NULL
1508793698298334,key,uid,ebay - #321490684572,ebay - #321490684572,NULL
1508793698298329,key,uid,ebay - #321490642565,ebay - #321490642565,NULL
1508793698298312,key,uid,ebay - #321490594444,ebay - #321490594444,NULL
1508793698298301,key,uid,ebay - #321490526006,ebay - #321490526006,NULL
1508793698298296,key,uid,ebay - #321490470707,ebay - #321490470707,NULL
1508793698298292,key,uid,ebay - #321490393096,ebay - #321490393096,NULL
1508793698298287,key,uid,ebay - #321490357449,ebay - #321490357449,NULL
1508793698298281,key,uid,ebay - #321490350537,ebay - #321490350537,NULL
1508793698301133,key,uid,ebay - #321554286487,ebay - #321554286487,NULL
1508793698298274,key,uid,ebay - #321490320605,ebay - #321490320605,NULL
1508793698298270,key,uid,ebay - #321490295051,ebay - #321490295051,NULL
1508793698298262,key,uid,ebay - #321490191285,ebay - #321490191285,NULL
1508793698298258,key,uid,ebay - #321490131147,ebay - #321490131147,NULL
1508793698301169,key,uid,ebay - #321555376353,ebay - #321555376353,NULL
1508793698298245,key,uid,ebay - #321490004242,ebay - #321490004242,NULL
1508793698298227,key,uid,ebay - #321489735149,ebay - #321489735149,NULL
1508793698298221,key,uid,ebay - #321489698412,ebay - #321489698412,NULL
1508793698298215,key,uid,ebay - #321489495420,ebay - #321489495420,NULL
1508793698301225,key,uid,ebay - #321557485484,ebay - #321557485484,NULL
1508793698301237,key,uid,ebay - #321557569912,ebay - #321557569912,NULL
1508793698298211,key,uid,ebay - #321489382351,ebay - #321489382351,NULL
1508793698298206,key,uid,ebay - #321489372816,ebay - #321489372816,NULL
1508793698298204,key,uid,ebay - #321489346005,ebay - #321489346005,NULL
1508793698298200,key,uid,ebay - #321489309519,ebay - #321489309519,NULL
1508793698298192,key,uid,ebay - #321489148973,ebay - #321489148973,NULL
1508793698298185,key,uid,ebay - #321489075448,ebay - #321489075448,NULL
1508793698298177,key,uid,ebay - #321488848633,ebay - #321488848633,NULL
1508793698298168,key,uid,ebay - #321488687018,ebay - #321488687018,NULL
1508793698298163,key,uid,ebay - #321488686987,ebay - #321488686987,NULL
1508793698298160,key,uid,ebay - #321488678060,ebay - #321488678060,NULL
1508793698298150,key,uid,ebay - #321488567631,ebay - #321488567631,NULL
1508793698298147,key,uid,ebay - #321488554656,ebay - #321488554656,NULL
1508793698298133,key,uid,ebay - #321488170653,ebay - #321488170653,NULL
1508793698298127,key,uid,ebay - #321487893062,ebay - #321487893062,NULL
1508793698298122,key,uid,ebay - #321487864132,ebay - #321487864132,NULL
1508793698298118,key,uid,ebay - #321487832407,ebay - #321487832407,NULL
1508793698298115,key,uid,ebay - #321487822343,ebay - #321487822343,NULL
1508793698298110,key,uid,ebay - #321487770201,ebay - #321487770201,NULL
1508793698298106,key,uid,ebay - #321487685448,ebay - #321487685448,NULL
1508793698298103,key,uid,ebay - #321487647287,ebay - #321487647287,NULL
1508793698298091,key,uid,ebay - #321487520532,ebay - #321487520532,NULL
1508793698301434,key,uid,ebay - #321560532486,ebay - #321560532486,NULL
1508793698298083,key,uid,ebay - #321487006607,ebay - #321487006607,NULL
1508793698298077,key,uid,ebay - #321486979427,ebay - #321486979427,NULL
1508793698298069,key,uid,ebay - #321486932967,ebay - #321486932967,NULL
1508793698298064,key,uid,ebay - #321486814733,ebay - #321486814733,NULL
1508793698298054,key,uid,ebay - #321486732498,ebay - #321486732498,NULL
1508793698298051,key,uid,ebay - #321486728532,ebay - #321486728532,NULL
1508793698298048,key,uid,ebay - #321486572815,ebay - #321486572815,NULL
1508793698298037,key,uid,ebay - #321486539166,ebay - #321486539166,NULL
1508793698298033,key,uid,ebay - #321486524770,ebay - #321486524770,NULL
1508793698298028,key,uid,ebay - #321486518877,ebay - #321486518877,NULL
1508793698298027,key,uid,ebay - #321486471054,ebay - #321486471054,NULL
1508793698298010,key,uid,ebay - #321486388733,ebay - #321486388733,NULL
1508793698297999,key,uid,ebay - #321486112796,ebay - #321486112796,NULL
1508793698297982,key,uid,ebay - #321486026232,ebay - #321486026232,NULL
1508793698297973,key,uid,ebay - #321485859255,ebay - #321485859255,NULL
1508793698297971,key,uid,ebay - #321485753247,ebay - #321485753247,NULL
1508793698297965,key,uid,ebay - #321485742644,ebay - #321485742644,NULL
1508793698297647,key,uid,ebay - #321473194595,ebay - #321473194595,NULL
1508793698297642,key,uid,ebay - #321473191928,ebay - #321473191928,NULL
1508793698297640,key,uid,ebay - #321473140973,ebay - #321473140973,NULL
1508793698301730,key,uid,ebay - #321566585205,ebay - #321566585205,NULL
1508793698297486,key,uid,ebay - #321463784086,ebay - #321463784086,NULL
1508793698297481,key,uid,ebay - #321463767311,ebay - #321463767311,NULL
1508793698301745,key,uid,ebay - #321567297503,ebay - #321567297503,NULL
1508793698296194,key,uid,ebay - #321407216092,ebay - #321407216092,NULL
1508793698301753,key,uid,ebay - #321567330924,ebay - #321567330924,NULL
1508793698296189,key,uid,ebay - #321407145415,ebay - #321407145415,NULL
1508793698296162,key,uid,ebay - #321406484579,ebay - #321406484579,NULL
1508793698296158,key,uid,ebay - #321406405794,ebay - #321406405794,NULL
1508793698296153,key,uid,ebay - #321406376539,ebay - #321406376539,NULL
1508793698296131,key,uid,ebay - #321405566919,ebay - #321405566919,NULL
1508793698296105,key,uid,ebay - #321404670205,ebay - #321404670205,NULL
1508793698296098,key,uid,ebay - #321404570042,ebay - #321404570042,NULL
1508793698296087,key,uid,ebay - #321403684896,ebay - #321403684896,NULL
1508793698296080,key,uid,ebay - #321403527739,ebay - #321403527739,NULL
1508793698295949,key,uid,ebay - #321401434388,ebay - #321401434388,NULL
1508793698295940,key,uid,ebay - #321401427946,ebay - #321401427946,NULL
1508793698301817,key,uid,ebay - #321569264318,ebay - #321569264318,NULL
1508793698295919,key,uid,ebay - #321400411487,ebay - #321400411487,NULL
1508793698295900,key,uid,ebay - #321399561631,ebay - #321399561631,NULL
1508793698301831,key,uid,ebay - #321569650406,ebay - #321569650406,NULL
1508793698295896,key,uid,ebay - #321399055565,ebay - #321399055565,NULL
1508793698295850,key,uid,ebay - #321395318268,ebay - #321395318268,NULL
1508793698295788,key,uid,ebay - #321394111318,ebay - #321394111318,NULL
1508793698295774,key,uid,ebay - #321393978601,ebay - #321393978601,NULL
1508793698295769,key,uid,ebay - #321393134499,ebay - #321393134499,NULL
1508793698295752,key,uid,ebay - #321392140723,ebay - #321392140723,NULL
1508793698295726,key,uid,ebay - #321391368106,ebay - #321391368106,NULL
1508793698295724,key,uid,ebay - #321390981035,ebay - #321390981035,NULL
1508793698301962,key,uid,ebay - #321572133673,ebay - #321572133673,NULL
1508793698295685,key,uid,ebay - #321388450364,ebay - #321388450364,NULL
1508793698295678,key,uid,ebay - #321388233041,ebay - #321388233041,NULL
1508793698295674,key,uid,ebay - #321388228201,ebay - #321388228201,NULL
1508793698295661,key,uid,ebay - #321387278964,ebay - #321387278964,NULL
1508793698294835,key,uid,ebay - #321354493580,ebay - #321354493580,NULL
1508793698294764,key,uid,ebay - #321353584894,ebay - #321353584894,NULL
1508793698294758,key,uid,ebay - #321353584328,ebay - #321353584328,NULL
1508793698294752,key,uid,ebay - #321353492822,ebay - #321353492822,NULL
1508793698294746,key,uid,ebay - #321353492404,ebay - #321353492404,NULL
1508793698294739,key,uid,ebay - #321353390266,ebay - #321353390266,NULL
1508793698294737,key,uid,ebay - #321353388948,ebay - #321353388948,NULL
1508793698294646,key,uid,ebay - #321352202919,ebay - #321352202919,NULL
1508793698294640,key,uid,ebay - #321352191554,ebay - #321352191554,NULL
1508793698294630,key,uid,ebay - #321351444203,ebay - #321351444203,NULL
1508793698294626,key,uid,ebay - #321351373379,ebay - #321351373379,NULL
1508793698302098,key,uid,ebay - #321576176222,ebay - #321576176222,NULL
1508793698294618,key,uid,ebay - #321351222594,ebay - #321351222594,NULL
1508793698294615,key,uid,ebay - #321350649411,ebay - #321350649411,NULL
1508793698294610,key,uid,ebay - #321350648658,ebay - #321350648658,NULL
1508793698294604,key,uid,ebay - #321350648611,ebay - #321350648611,NULL
1508793698294587,key,uid,ebay - #321350536713,ebay - #321350536713,NULL
1508793698302161,key,uid,ebay - #321577368719,ebay - #321577368719,NULL
1508793698294584,key,uid,ebay - #321350536631,ebay - #321350536631,NULL
1508793698302169,key,uid,ebay - #321577532933,ebay - #321577532933,NULL
1508793698294580,key,uid,ebay - #321350533913,ebay - #321350533913,NULL
1508793698294574,key,uid,ebay - #321350456362,ebay - #321350456362,NULL
1508793698294571,key,uid,ebay - #321350432302,ebay - #321350432302,NULL
1508793698294501,key,uid,ebay - #321349665404,ebay - #321349665404,NULL
1508793698294474,key,uid,ebay - #321349307651,ebay - #321349307651,NULL
1508793698294471,key,uid,ebay - #321349307564,ebay - #321349307564,NULL
1508793698294436,key,uid,ebay - #321348655227,ebay - #321348655227,NULL
1508793698294431,key,uid,ebay - #321348638751,ebay - #321348638751,NULL
1508793698294286,key,uid,ebay - #321345818097,ebay - #321345818097,NULL
1508793698294281,key,uid,ebay - #321345757631,ebay - #321345757631,NULL
1508793698294276,key,uid,ebay - #321345706125,ebay - #321345706125,NULL
1508793698294258,key,uid,ebay - #321345001241,ebay - #321345001241,NULL
1508793698294254,key,uid,ebay - #321344865706,ebay - #321344865706,NULL
1508793698293378,key,uid,ebay - #321340320632,ebay - #321340320632,NULL
1508793698293372,key,uid,ebay - #321340294703,ebay - #321340294703,NULL
1508793698293361,key,uid,ebay - #321340105939,ebay - #321340105939,NULL
1508793698293357,key,uid,ebay - #321339216134,ebay - #321339216134,NULL
1508793698302361,key,uid,ebay - #321581222819,ebay - #321581222819,NULL
1508793698293354,key,uid,ebay - #321339052781,ebay - #321339052781,NULL
1508793698293346,key,uid,ebay - #321338831341,ebay - #321338831341,NULL
1508793698302379,key,uid,ebay - #321581433179,ebay - #321581433179,NULL
1508793698299676,key,uid,ebay - #321532018786,ebay - #321532018786,NULL
1508793698302394,key,uid,ebay - #321582144848,ebay - #321582144848,NULL
1508793698293319,key,uid,ebay - #321336477887,ebay - #321336477887,NULL
1508793698302411,key,uid,ebay - #321582563482,ebay - #321582563482,NULL
1508793698293274,key,uid,ebay - #321335827648,ebay - #321335827648,NULL
1508793698292861,key,uid,ebay - #321332800456,ebay - #321332800456,NULL
1508793698292852,key,uid,ebay - #321332631871,ebay - #321332631871,NULL
1508793698292841,key,uid,ebay - #321332359120,ebay - #321332359120,NULL
1508793698292836,key,uid,ebay - #321331724766,ebay - #321331724766,NULL
1508793698292833,key,uid,ebay - #321331684445,ebay - #321331684445,NULL
1508793698292826,key,uid,ebay - #321331603755,ebay - #321331603755,NULL
1508793698292799,key,uid,ebay - #321330669820,ebay - #321330669820,NULL
1508793698292794,key,uid,ebay - #321330659641,ebay - #321330659641,NULL
1508793698292790,key,uid,ebay - #321330603881,ebay - #321330603881,NULL
1508793698292782,key,uid,ebay - #321330559205,ebay - #321330559205,NULL
1508793698292775,key,uid,ebay - #321330409295,ebay - #321330409295,NULL
1508793698292769,key,uid,ebay - #321330260038,ebay - #321330260038,NULL
1508793698292765,key,uid,ebay - #321330217090,ebay - #321330217090,NULL
1508793698292754,key,uid,ebay - #321329308359,ebay - #321329308359,NULL
1508793698299689,key,uid,ebay - #321532132356,ebay - #321532132356,NULL
1508793698292744,key,uid,ebay - #321329275511,ebay - #321329275511,NULL
1508793698299696,key,uid,ebay - #321532186993,ebay - #321532186993,NULL
1508793698292737,key,uid,ebay - #321329197129,ebay - #321329197129,NULL
1508793698292726,key,uid,ebay - #321329160132,ebay - #321329160132,NULL
1508793698292717,key,uid,ebay - #321329015400,ebay - #321329015400,NULL
1508793698302542,key,uid,ebay - #321585661852,ebay - #321585661852,NULL
1508793698292710,key,uid,ebay - #321328564971,ebay - #321328564971,NULL
1508793698292696,key,uid,ebay - #321328179870,ebay - #321328179870,NULL
1508793698299774,key,uid,ebay - #321533514318,ebay - #321533514318,NULL
1508793698292686,key,uid,ebay - #321327974887,ebay - #321327974887,NULL
1508793698292668,key,uid,ebay - #321327712002,ebay - #321327712002,NULL
1508793698302621,key,uid,ebay - #321586593509,ebay - #321586593509,NULL
1508793698302629,key,uid,ebay - #321586712515,ebay - #321586712515,NULL
1508793698292651,key,uid,ebay - #321327539252,ebay - #321327539252,NULL
1508793698302650,key,uid,ebay - #321586912894,ebay - #321586912894,NULL
1508793698299791,key,uid,ebay - #321533803594,ebay - #321533803594,NULL
1508793698299834,key,uid,ebay - #321534077749,ebay - #321534077749,NULL
1508793698299882,key,uid,ebay - #321535169738,ebay - #321535169738,NULL
1508793698300055,key,uid,ebay - #321537214610,ebay - #321537214610,NULL
1508793698300079,key,uid,ebay - #321537876117,ebay - #321537876117,NULL
1508793698292383,key,uid,ebay - #321323059165,ebay - #321323059165,NULL
1508793698302769,key,uid,ebay - #321589283380,ebay - #321589283380,NULL
1508793698300186,key,uid,ebay - #321539457781,ebay - #321539457781,NULL
1508793698300191,key,uid,ebay - #321539479695,ebay - #321539479695,NULL
1508793698299664,key,uid,ebay - #321531886747,ebay - #321531886747,NULL
1508793698299653,key,uid,ebay - #321531643690,ebay - #321531643690,NULL
1508793698299628,key,uid,ebay - #321531412040,ebay - #321531412040,NULL
1508793698299503,key,uid,ebay - #321531044075,ebay - #321531044075,NULL
1508793698299488,key,uid,ebay - #321530541816,ebay - #321530541816,NULL
1508793698299336,key,uid,ebay - #321527831021,ebay - #321527831021,NULL
1508793698299324,key,uid,ebay - #321527787960,ebay - #321527787960,NULL
1508793698299287,key,uid,ebay - #321527731164,ebay - #321527731164,NULL
1508793698302850,key,uid,ebay - #321591311649,ebay - #321591311649,NULL
1508793698299136,key,uid,ebay - #321524669427,ebay - #321524669427,NULL
1508793698298846,key,uid,ebay - #321520123556,ebay - #321520123556,NULL
1508793698298435,key,uid,ebay - #321491911929,ebay - #321491911929,NULL
1508793698298175,key,uid,ebay - #321488775273,ebay - #321488775273,NULL
1508793698298142,key,uid,ebay - #321488403282,ebay - #321488403282,NULL
1508793698297986,key,uid,ebay - #321486041381,ebay - #321486041381,NULL
1508793698296145,key,uid,ebay - #321405706726,ebay - #321405706726,NULL
1508793698301814,key,uid,ebay - #321568939578,ebay - #321568939578,NULL
1508793698295945,key,uid,ebay - #321401428160,ebay - #321401428160,NULL
1508793698301836,key,uid,ebay - #321569778751,ebay - #321569778751,NULL
1508793698301883,key,uid,ebay - #321570541097,ebay - #321570541097,NULL
1508793698299728,key,uid,ebay - #321532866178,ebay - #321532866178,NULL
1508793698299735,key,uid,ebay - #321532867809,ebay - #321532867809,NULL
1508793698299743,key,uid,ebay - #321532986331,ebay - #321532986331,NULL
1508793698299802,key,uid,ebay - #321533903707,ebay - #321533903707,NULL
1508793698299806,key,uid,ebay - #321533904017,ebay - #321533904017,NULL
1508793698299817,key,uid,ebay - #321533957825,ebay - #321533957825,NULL
1508793698299827,key,uid,ebay - #321533966041,ebay - #321533966041,NULL
1508793698299832,key,uid,ebay - #321533991064,ebay - #321533991064,NULL
1508793698299855,key,uid,ebay - #321534783728,ebay - #321534783728,NULL
1508793698300041,key,uid,ebay - #321537051105,ebay - #321537051105,NULL
1508793698300436,key,uid,ebay - #321542734326,ebay - #321542734326,NULL
1508793698299357,key,uid,ebay - #321528765644,ebay - #321528765644,NULL
1508793698375366,key,uid,ebay - #371211715206,ebay - #371211715206,NULL
1508793698299279,key,uid,ebay - #321527575579,ebay - #321527575579,NULL
1508793698299865,key,uid,ebay - #321534928933,ebay - #321534928933,NULL
1508793698299868,key,uid,ebay - #321534944895,ebay - #321534944895,NULL
1508793698300122,key,uid,ebay - #321538160824,ebay - #321538160824,NULL
1508793698375401,key,uid,ebay - #371216547250,ebay - #371216547250,NULL
1508793698299215,key,uid,ebay - #321525788285,ebay - #321525788285,NULL
1508793698299858,key,uid,ebay - #321534824473,ebay - #321534824473,NULL
1508793698299669,key,uid,ebay - #321531934164,ebay - #321531934164,NULL
1508793698300303,key,uid,ebay - #321540843255,ebay - #321540843255,NULL
1508793698299660,key,uid,ebay - #321531787871,ebay - #321531787871,NULL
1508793698302818,key,uid,ebay - #321590347706,ebay - #321590347706,NULL
1508793698299557,key,uid,ebay - #321531317509,ebay - #321531317509,NULL
1508793698300336,key,uid,ebay - #321540994779,ebay - #321540994779,NULL
1508793698299535,key,uid,ebay - #321531225960,ebay - #321531225960,NULL
1508793698300346,key,uid,ebay - #321541065289,ebay - #321541065289,NULL
1508793698300374,key,uid,ebay - #321541718016,ebay - #321541718016,NULL
1508793698300379,key,uid,ebay - #321541757826,ebay - #321541757826,NULL
1508793698300410,key,uid,ebay - #321542490640,ebay - #321542490640,NULL
1508793698299451,key,uid,ebay - #321530490617,ebay - #321530490617,NULL
1508793698382514,key,uid,ebay - #390774473967,ebay - #390774473967,NULL
1508793698299443,key,uid,ebay - #321530343761,ebay - #321530343761,NULL
1508793698300417,key,uid,ebay - #321542558546,ebay - #321542558546,NULL
1508793698300425,key,uid,ebay - #321542634974,ebay - #321542634974,NULL
1508793698299404,key,uid,ebay - #321529622946,ebay - #321529622946,NULL
1508793698299390,key,uid,ebay - #321529547926,ebay - #321529547926,NULL
1508793698299372,key,uid,ebay - #321529276492,ebay - #321529276492,NULL
1508793698300455,key,uid,ebay - #321542817872,ebay - #321542817872,NULL
1508793698300458,key,uid,ebay - #321542888666,ebay - #321542888666,NULL
1508793698300462,key,uid,ebay - #321542910328,ebay - #321542910328,NULL
1508793698300467,key,uid,ebay - #321542921957,ebay - #321542921957,NULL
1508793698300497,key,uid,ebay - #321543846608,ebay - #321543846608,NULL
1508793698300506,key,uid,ebay - #321543922331,ebay - #321543922331,NULL
1508793698300519,key,uid,ebay - #321543950204,ebay - #321543950204,NULL
1508793698299303,key,uid,ebay - #321527733887,ebay - #321527733887,NULL
1508793698300527,key,uid,ebay - #321544243829,ebay - #321544243829,NULL
1508793698300540,key,uid,ebay - #321544413598,ebay - #321544413598,NULL
1508793698300547,key,uid,ebay - #321544498380,ebay - #321544498380,NULL
1508793698299273,key,uid,ebay - #321527397863,ebay - #321527397863,NULL
1508793698300556,key,uid,ebay - #321544585084,ebay - #321544585084,NULL
1508793698300564,key,uid,ebay - #321544740761,ebay - #321544740761,NULL
1508793698299255,key,uid,ebay - #321526745582,ebay - #321526745582,NULL
1508793698300574,key,uid,ebay - #321544790792,ebay - #321544790792,NULL
1508793698300586,key,uid,ebay - #321544878938,ebay - #321544878938,NULL
1508793698300606,key,uid,ebay - #321545016669,ebay - #321545016669,NULL
1508793698299228,key,uid,ebay - #321526269815,ebay - #321526269815,NULL
1508793698300612,key,uid,ebay - #321545043865,ebay - #321545043865,NULL
1508793698300616,key,uid,ebay - #321545063767,ebay - #321545063767,NULL
1508793698300640,key,uid,ebay - #321545727616,ebay - #321545727616,NULL
1508793698299199,key,uid,ebay - #321525610326,ebay - #321525610326,NULL
1508793698300642,key,uid,ebay - #321545891153,ebay - #321545891153,NULL
1508793698300647,key,uid,ebay - #321545898924,ebay - #321545898924,NULL
1508793698300651,key,uid,ebay - #321545908154,ebay - #321545908154,NULL
1508793698300660,key,uid,ebay - #321545977317,ebay - #321545977317,NULL
1508793698300668,key,uid,ebay - #321546312820,ebay - #321546312820,NULL
1508793698300682,key,uid,ebay - #321546642472,ebay - #321546642472,NULL
1508793698300685,key,uid,ebay - #321546645778,ebay - #321546645778,NULL
1508793698300709,key,uid,ebay - #321547570005,ebay - #321547570005,NULL
1508793698300714,key,uid,ebay - #321547573791,ebay - #321547573791,NULL
1508793698300718,key,uid,ebay - #321547587023,ebay - #321547587023,NULL
1508793698300723,key,uid,ebay - #321547594657,ebay - #321547594657,NULL
1508793698299115,key,uid,ebay - #321524224094,ebay - #321524224094,NULL
1508793698300725,key,uid,ebay - #321547597030,ebay - #321547597030,NULL
1508793698300731,key,uid,ebay - #321547610979,ebay - #321547610979,NULL
1508793698300745,key,uid,ebay - #321547785668,ebay - #321547785668,NULL
1508793698300752,key,uid,ebay - #321547821963,ebay - #321547821963,NULL
1508793698300754,key,uid,ebay - #321547826331,ebay - #321547826331,NULL
1508793698299040,key,uid,ebay - #321522426848,ebay - #321522426848,NULL
1508793698300762,key,uid,ebay - #321548161528,ebay - #321548161528,NULL
1508793698300767,key,uid,ebay - #321548337670,ebay - #321548337670,NULL
1508793698300780,key,uid,ebay - #321548807624,ebay - #321548807624,NULL
1508793698300797,key,uid,ebay - #321549562487,ebay - #321549562487,NULL
1508793698298839,key,uid,ebay - #321520053672,ebay - #321520053672,NULL
1508793698300804,key,uid,ebay - #321549634865,ebay - #321549634865,NULL
1508793698298806,key,uid,ebay - #321517890005,ebay - #321517890005,NULL
1508793698300837,key,uid,ebay - #321550423781,ebay - #321550423781,NULL
1508793698300841,key,uid,ebay - #321550473006,ebay - #321550473006,NULL
1508793698300852,key,uid,ebay - #321550533688,ebay - #321550533688,NULL
1508793698298423,key,uid,ebay - #321491494583,ebay - #321491494583,NULL
1508793698300900,key,uid,ebay - #321551301864,ebay - #321551301864,NULL
1508793698300927,key,uid,ebay - #321551546335,ebay - #321551546335,NULL
1508793698300935,key,uid,ebay - #321551550803,ebay - #321551550803,NULL
1508793698300944,key,uid,ebay - #321551594956,ebay - #321551594956,NULL
1508793698300971,key,uid,ebay - #321551983395,ebay - #321551983395,NULL
1508793698300975,key,uid,ebay - #321552012629,ebay - #321552012629,NULL
1508793698300994,key,uid,ebay - #321552158123,ebay - #321552158123,NULL
1508793698301003,key,uid,ebay - #321552366124,ebay - #321552366124,NULL
1508793698301012,key,uid,ebay - #321552417616,ebay - #321552417616,NULL
1508793698301023,key,uid,ebay - #321552507818,ebay - #321552507818,NULL
1508793698301083,key,uid,ebay - #321552766655,ebay - #321552766655,NULL
1508793698301095,key,uid,ebay - #321553236768,ebay - #321553236768,NULL
1508793698301101,key,uid,ebay - #321553264272,ebay - #321553264272,NULL
1508793698298324,key,uid,ebay - #321490627541,ebay - #321490627541,NULL
1508793698301106,key,uid,ebay - #321553631226,ebay - #321553631226,NULL
1508793698298307,key,uid,ebay - #321490578871,ebay - #321490578871,NULL
1508793698301110,key,uid,ebay - #321554121839,ebay - #321554121839,NULL
1508793698301125,key,uid,ebay - #321554262202,ebay - #321554262202,NULL
1508793698301137,key,uid,ebay - #321554296558,ebay - #321554296558,NULL
1508793698301143,key,uid,ebay - #321554523945,ebay - #321554523945,NULL
1508793698383330,key,uid,ebay - #390832332431,ebay - #390832332431,NULL
1508793698301161,key,uid,ebay - #321554971010,ebay - #321554971010,NULL
1508793698298248,key,uid,ebay - #321490021145,ebay - #321490021145,NULL
1508793698298233,key,uid,ebay - #321489776493,ebay - #321489776493,NULL
1508793698301220,key,uid,ebay - #321557320616,ebay - #321557320616,NULL
1508793698301242,key,uid,ebay - #321557570527,ebay - #321557570527,NULL
1508793698301301,key,uid,ebay - #321558248416,ebay - #321558248416,NULL
1508793698301308,key,uid,ebay - #321558439466,ebay - #321558439466,NULL
1508793698298195,key,uid,ebay - #321489192502,ebay - #321489192502,NULL
1508793698301330,key,uid,ebay - #321558657108,ebay - #321558657108,NULL
1508793698301333,key,uid,ebay - #321558660306,ebay - #321558660306,NULL
1508793698301337,key,uid,ebay - #321558671623,ebay - #321558671623,NULL
1508793698301344,key,uid,ebay - #321559152806,ebay - #321559152806,NULL
1508793698301371,key,uid,ebay - #321559470939,ebay - #321559470939,NULL
1508793698301385,key,uid,ebay - #321559594295,ebay - #321559594295,NULL
1508793698301399,key,uid,ebay - #321559661592,ebay - #321559661592,NULL
1508793698301427,key,uid,ebay - #321560421467,ebay - #321560421467,NULL
1508793698301534,key,uid,ebay - #321561474166,ebay - #321561474166,NULL
1508793698298087,key,uid,ebay - #321487518162,ebay - #321487518162,NULL
1508793698301542,key,uid,ebay - #321561641605,ebay - #321561641605,NULL
1508793698301641,key,uid,ebay - #321563469861,ebay - #321563469861,NULL
1508793698298021,key,uid,ebay - #321486462943,ebay - #321486462943,NULL
1508793698298009,key,uid,ebay - #321486327511,ebay - #321486327511,NULL
1508793698302886,key,uid,ebay - #321591779773,ebay - #321591779773,NULL
1508793698301684,key,uid,ebay - #321564598184,ebay - #321564598184,NULL
1508793698301704,key,uid,ebay - #321565658435,ebay - #321565658435,NULL
1508793698297960,key,uid,ebay - #321485735470,ebay - #321485735470,NULL
1508793698301735,key,uid,ebay - #321566640152,ebay - #321566640152,NULL
1508793698301751,key,uid,ebay - #321567316863,ebay - #321567316863,NULL
1508793698296180,key,uid,ebay - #321407043319,ebay - #321407043319,NULL
1508793698301783,key,uid,ebay - #321568635455,ebay - #321568635455,NULL
1508793698295934,key,uid,ebay - #321401240859,ebay - #321401240859,NULL
1508793698295780,key,uid,ebay - #321394046159,ebay - #321394046159,NULL
1508793698295228,key,uid,ebay - #321366772204,ebay - #321366772204,NULL
1508793698294832,key,uid,ebay - #321354427226,ebay - #321354427226,NULL
1508793698294754,key,uid,ebay - #321353492854,ebay - #321353492854,NULL
1508793698384118,key,uid,ebay - #390906096295,ebay - #390906096295,NULL
1508793698302053,key,uid,ebay - #321574321927,ebay - #321574321927,NULL
1508793698300225,key,uid,ebay - #321539860598,ebay - #321539860598,NULL
1508793698302345,key,uid,ebay - #321580901388,ebay - #321580901388,NULL
1508793698300228,key,uid,ebay - #321539881525,ebay - #321539881525,NULL
1508793698300232,key,uid,ebay - #321540007260,ebay - #321540007260,NULL
1508793698302441,key,uid,ebay - #321583046381,ebay - #321583046381,NULL
1508793698302453,key,uid,ebay - #321583247839,ebay - #321583247839,NULL
1508793698292816,key,uid,ebay - #321331276177,ebay - #321331276177,NULL
1508793698299681,key,uid,ebay - #321532048575,ebay - #321532048575,NULL
1508793698300299,key,uid,ebay - #321540819375,ebay - #321540819375,NULL
1508793698300246,key,uid,ebay - #321540137914,ebay - #321540137914,NULL
1508793698302493,key,uid,ebay - #321584163870,ebay - #321584163870,NULL
1508793698302529,key,uid,ebay - #321584970331,ebay - #321584970331,NULL
1508793698300252,key,uid,ebay - #321540244220,ebay - #321540244220,NULL
1508793698302599,key,uid,ebay - #321586072070,ebay - #321586072070,NULL
1508793698300264,key,uid,ebay - #321540471666,ebay - #321540471666,NULL
1508793698299782,key,uid,ebay - #321533742877,ebay - #321533742877,NULL
1508793698299785,key,uid,ebay - #321533760110,ebay - #321533760110,NULL
1508793698300269,key,uid,ebay - #321540493101,ebay - #321540493101,NULL
1508793698300272,key,uid,ebay - #321540519806,ebay - #321540519806,NULL
1508793698299808,key,uid,ebay - #321533907010,ebay - #321533907010,NULL
1508793698384222,key,uid,ebay - #390908453531,ebay - #390908453531,NULL
1508793698299815,key,uid,ebay - #321533915838,ebay - #321533915838,NULL
1508793698300293,key,uid,ebay - #321540799586,ebay - #321540799586,NULL
1508793698299823,key,uid,ebay - #321533965892,ebay - #321533965892,NULL
1508793698302672,key,uid,ebay - #321587898176,ebay - #321587898176,NULL
1508793698299841,key,uid,ebay - #321534178475,ebay - #321534178475,NULL
1508793698299873,key,uid,ebay - #321535154794,ebay - #321535154794,NULL
1508793698299876,key,uid,ebay - #321535158121,ebay - #321535158121,NULL
1508793698300011,key,uid,ebay - #321535615908,ebay - #321535615908,NULL
1508793698300014,key,uid,ebay - #321535886981,ebay - #321535886981,NULL
1508793698300020,key,uid,ebay - #321535995692,ebay - #321535995692,NULL
1508793698300031,key,uid,ebay - #321536351175,ebay - #321536351175,NULL
1508793698300052,key,uid,ebay - #321537154712,ebay - #321537154712,NULL
1508793698300074,key,uid,ebay - #321537825901,ebay - #321537825901,NULL
1508793698300084,key,uid,ebay - #321537925071,ebay - #321537925071,NULL
1508793698300090,key,uid,ebay - #321537983473,ebay - #321537983473,NULL
1508793698384294,key,uid,ebay - #390909787771,ebay - #390909787771,NULL
1508793698300104,key,uid,ebay - #321538031343,ebay - #321538031343,NULL
1508793698300117,key,uid,ebay - #321538103403,ebay - #321538103403,NULL
1508793698300134,key,uid,ebay - #321538573442,ebay - #321538573442,NULL
1508793698300142,key,uid,ebay - #321538713274,ebay - #321538713274,NULL
1508793698300147,key,uid,ebay - #321538829402,ebay - #321538829402,NULL
1508793698300149,key,uid,ebay - #321538835144,ebay - #321538835144,NULL
1508793698300152,key,uid,ebay - #321538846368,ebay - #321538846368,NULL
1508793698384473,key,uid,ebay - #390930972406,ebay - #390930972406,NULL
1508793698300158,key,uid,ebay - #321538853244,ebay - #321538853244,NULL
1508793698300161,key,uid,ebay - #321538879888,ebay - #321538879888,NULL
1508793698300165,key,uid,ebay - #321538927551,ebay - #321538927551,NULL
1508793698300175,key,uid,ebay - #321539069171,ebay - #321539069171,NULL
1508793698300183,key,uid,ebay - #321539447761,ebay - #321539447761,NULL
1508793698302785,key,uid,ebay - #321589508475,ebay - #321589508475,NULL
1508793698300219,key,uid,ebay - #321539855406,ebay - #321539855406,NULL
1508793698382607,key,uid,ebay - #390778556539,ebay - #390778556539,NULL
1508793698300583,key,uid,ebay - #321544795488,ebay - #321544795488,NULL
1508793698300948,key,uid,ebay - #321551611548,ebay - #321551611548,NULL
1508793698301204,key,uid,ebay - #321556334006,ebay - #321556334006,NULL
1508793698301312,key,uid,ebay - #321558453031,ebay - #321558453031,NULL
1508793698301393,key,uid,ebay - #321559658914,ebay - #321559658914,NULL
1508793698301592,key,uid,ebay - #321562352313,ebay - #321562352313,NULL
1508793698297978,key,uid,ebay - #321485919821,ebay - #321485919821,NULL
1508793698301702,key,uid,ebay - #321565523462,ebay - #321565523462,NULL
1508793698301709,key,uid,ebay - #321565701575,ebay - #321565701575,NULL
1508793698301788,key,uid,ebay - #321568731313,ebay - #321568731313,NULL
1508793698301794,key,uid,ebay - #321568759942,ebay - #321568759942,NULL
1508793698301799,key,uid,ebay - #321568761603,ebay - #321568761603,NULL
1508793698301861,key,uid,ebay - #321570378136,ebay - #321570378136,NULL
1508793698301875,key,uid,ebay - #321570512218,ebay - #321570512218,NULL
1508793698302015,key,uid,ebay - #321573339584,ebay - #321573339584,NULL
1508793698302025,key,uid,ebay - #321573672060,ebay - #321573672060,NULL
1508793698302073,key,uid,ebay - #321575075949,ebay - #321575075949,NULL
1508793698302938,key,uid,ebay - #321592964324,ebay - #321592964324,NULL
1508793698303006,key,uid,ebay - #321597312650,ebay - #321597312650,NULL
1508793698300313,key,uid,ebay - #321540872859,ebay - #321540872859,NULL
1508793698301810,key,uid,ebay - #321568937740,ebay - #321568937740,NULL
1508793698382092,key,uid,ebay - #390716931734,ebay - #390716931734,NULL
1508793698302800,key,uid,ebay - #321589650711,ebay - #321589650711,NULL
1508793698382492,key,uid,ebay - #390772816526,ebay - #390772816526,NULL
1508793698302823,key,uid,ebay - #321590347881,ebay - #321590347881,NULL
1508793698382496,key,uid,ebay - #390773548717,ebay - #390773548717,NULL
1508793698382532,key,uid,ebay - #390774866585,ebay - #390774866585,NULL
1508793698384631,key,uid,ebay - #390934999956,ebay - #390934999956,NULL
1508793698300430,key,uid,ebay - #321542637907,ebay - #321542637907,NULL
1508793698382534,key,uid,ebay - #390775212834,ebay - #390775212834,NULL
1508793698384648,key,uid,ebay - #390935382054,ebay - #390935382054,NULL
1508793698382550,key,uid,ebay - #390775498353,ebay - #390775498353,NULL
1508793698302834,key,uid,ebay - #321590676245,ebay - #321590676245,NULL
1508793698302855,key,uid,ebay - #321591366534,ebay - #321591366534,NULL
1508793698300633,key,uid,ebay - #321545478373,ebay - #321545478373,NULL
1508793698302861,key,uid,ebay - #321591523692,ebay - #321591523692,NULL
1508793698300735,key,uid,ebay - #321547627887,ebay - #321547627887,NULL
1508793698302865,key,uid,ebay - #321591655619,ebay - #321591655619,NULL
1508793698300828,key,uid,ebay - #321550370942,ebay - #321550370942,NULL
1508793698300847,key,uid,ebay - #321550491852,ebay - #321550491852,NULL
1508793698300894,key,uid,ebay - #321551251353,ebay - #321551251353,NULL
1508793698300957,key,uid,ebay - #321551869983,ebay - #321551869983,NULL
1508793698300998,key,uid,ebay - #321552220728,ebay - #321552220728,NULL
1508793698301116,key,uid,ebay - #321554124693,ebay - #321554124693,NULL
1508793698301129,key,uid,ebay - #321554265824,ebay - #321554265824,NULL
1508793698301151,key,uid,ebay - #321554830991,ebay - #321554830991,NULL
1508793698301194,key,uid,ebay - #321556206983,ebay - #321556206983,NULL
1508793698301207,key,uid,ebay - #321556520881,ebay - #321556520881,NULL
1508793698301316,key,uid,ebay - #321558463252,ebay - #321558463252,NULL
1508793698302875,key,uid,ebay - #321591753774,ebay - #321591753774,NULL
1508793698301354,key,uid,ebay - #321559299679,ebay - #321559299679,NULL
1508793698301360,key,uid,ebay - #321559416225,ebay - #321559416225,NULL
1508793698301375,key,uid,ebay - #321559538311,ebay - #321559538311,NULL
1508793698302881,key,uid,ebay - #321591764845,ebay - #321591764845,NULL
1508793698301402,key,uid,ebay - #321559965319,ebay - #321559965319,NULL
1508793698384817,key,uid,ebay - #390937817889,ebay - #390937817889,NULL
1508793698301412,key,uid,ebay - #321560018975,ebay - #321560018975,NULL
1508793698301416,key,uid,ebay - #321560051244,ebay - #321560051244,NULL
1508793698384834,key,uid,ebay - #390938147003,ebay - #390938147003,NULL
1508793698301419,key,uid,ebay - #321560164967,ebay - #321560164967,NULL
1508793698301599,key,uid,ebay - #321562436445,ebay - #321562436445,NULL
1508793698301616,key,uid,ebay - #321563079270,ebay - #321563079270,NULL
1508793698301621,key,uid,ebay - #321563187522,ebay - #321563187522,NULL
1508793698301625,key,uid,ebay - #321563254344,ebay - #321563254344,NULL
1508793698301629,key,uid,ebay - #321563259501,ebay - #321563259501,NULL
1508793698384912,key,uid,ebay - #390939253284,ebay - #390939253284,NULL
1508793698301633,key,uid,ebay - #321563294608,ebay - #321563294608,NULL
1508793698301637,key,uid,ebay - #321563363089,ebay - #321563363089,NULL
1508793698301645,key,uid,ebay - #321563478002,ebay - #321563478002,NULL
1508793698301659,key,uid,ebay - #321563647672,ebay - #321563647672,NULL
1508793698301665,key,uid,ebay - #321564385794,ebay - #321564385794,NULL
1508793698297994,key,uid,ebay - #321486095157,ebay - #321486095157,NULL
1508793698301671,key,uid,ebay - #321564537404,ebay - #321564537404,NULL
1508793698301741,key,uid,ebay - #321567188543,ebay - #321567188543,NULL
1508793698301756,key,uid,ebay - #321567421751,ebay - #321567421751,NULL
1508793698301769,key,uid,ebay - #321567916884,ebay - #321567916884,NULL
1508793698301784,key,uid,ebay - #321568657491,ebay - #321568657491,NULL
1508793698302891,key,uid,ebay - #321591856205,ebay - #321591856205,NULL
1508793698301804,key,uid,ebay - #321568861409,ebay - #321568861409,NULL
1508793698302893,key,uid,ebay - #321591887605,ebay - #321591887605,NULL
1508793698302914,key,uid,ebay - #321592579984,ebay - #321592579984,NULL
1508793698301823,key,uid,ebay - #321569314080,ebay - #321569314080,NULL
1508793698301828,key,uid,ebay - #321569416154,ebay - #321569416154,NULL
1508793698302918,key,uid,ebay - #321592753057,ebay - #321592753057,NULL
1508793698301879,key,uid,ebay - #321570517778,ebay - #321570517778,NULL
1508793698301887,key,uid,ebay - #321570545249,ebay - #321570545249,NULL
1508793698301932,key,uid,ebay - #321571509439,ebay - #321571509439,NULL
1508793698301951,key,uid,ebay - #321571738184,ebay - #321571738184,NULL
1508793698301977,key,uid,ebay - #321572488034,ebay - #321572488034,NULL
1508793698301982,key,uid,ebay - #321572578547,ebay - #321572578547,NULL
1508793698301999,key,uid,ebay - #321572749825,ebay - #321572749825,NULL
1508793698302009,key,uid,ebay - #321573162235,ebay - #321573162235,NULL
1508793698302037,key,uid,ebay - #321573816620,ebay - #321573816620,NULL
1508793698302058,key,uid,ebay - #321574345264,ebay - #321574345264,NULL
1508793698302086,key,uid,ebay - #321575942732,ebay - #321575942732,NULL
1508793698302113,key,uid,ebay - #321576219256,ebay - #321576219256,NULL
1508793698302118,key,uid,ebay - #321576258884,ebay - #321576258884,NULL
1508793698302132,key,uid,ebay - #321576932934,ebay - #321576932934,NULL
1508793698302144,key,uid,ebay - #321577073032,ebay - #321577073032,NULL
1508793698302154,key,uid,ebay - #321577141020,ebay - #321577141020,NULL
1508793698302165,key,uid,ebay - #321577385071,ebay - #321577385071,NULL
1508793698302203,key,uid,ebay - #321578301310,ebay - #321578301310,NULL
1508793698385094,key,uid,ebay - #390942802088,ebay - #390942802088,NULL
1508793698302211,key,uid,ebay - #321578490037,ebay - #321578490037,NULL
1508793698385100,key,uid,ebay - #390943086541,ebay - #390943086541,NULL
1508793698302214,key,uid,ebay - #321578501025,ebay - #321578501025,NULL
1508793698302221,key,uid,ebay - #321578540694,ebay - #321578540694,NULL
1508793698302224,key,uid,ebay - #321578541453,ebay - #321578541453,NULL
1508793698302236,key,uid,ebay - #321578766575,ebay - #321578766575,NULL
1508793698302251,key,uid,ebay - #321578954946,ebay - #321578954946,NULL
1508793698302297,key,uid,ebay - #321579945834,ebay - #321579945834,NULL
1508793698385145,key,uid,ebay - #390943929060,ebay - #390943929060,NULL
1508793698302301,key,uid,ebay - #321580043962,ebay - #321580043962,NULL
1508793698302304,key,uid,ebay - #321580136024,ebay - #321580136024,NULL
1508793698302310,key,uid,ebay - #321580392922,ebay - #321580392922,NULL
1508793698302314,key,uid,ebay - #321580393266,ebay - #321580393266,NULL
1508793698302318,key,uid,ebay - #321580393593,ebay - #321580393593,NULL
1508793698385178,key,uid,ebay - #390944959358,ebay - #390944959358,NULL
1508793698302352,key,uid,ebay - #321581104505,ebay - #321581104505,NULL
1508793698302358,key,uid,ebay - #321581221784,ebay - #321581221784,NULL
1508793698302367,key,uid,ebay - #321581360393,ebay - #321581360393,NULL
1508793698302375,key,uid,ebay - #321581412258,ebay - #321581412258,NULL
1508793698302388,key,uid,ebay - #321581496633,ebay - #321581496633,NULL
1508793698385207,key,uid,ebay - #390945139208,ebay - #390945139208,NULL
1508793698302396,key,uid,ebay - #321582206139,ebay - #321582206139,NULL
1508793698302418,key,uid,ebay - #321582739121,ebay - #321582739121,NULL
1508793698302428,key,uid,ebay - #321583045520,ebay - #321583045520,NULL
1508793698302433,key,uid,ebay - #321583045623,ebay - #321583045623,NULL
1508793698302437,key,uid,ebay - #321583046076,ebay - #321583046076,NULL
1508793698385241,key,uid,ebay - #390946105772,ebay - #390946105772,NULL
1508793698302445,key,uid,ebay - #321583046614,ebay - #321583046614,NULL
1508793698302472,key,uid,ebay - #321583737424,ebay - #321583737424,NULL
1508793698300238,key,uid,ebay - #321540072696,ebay - #321540072696,NULL
1508793698302481,key,uid,ebay - #321583917812,ebay - #321583917812,NULL
1508793698302489,key,uid,ebay - #321584163270,ebay - #321584163270,NULL
1508793698302496,key,uid,ebay - #321584163927,ebay - #321584163927,NULL
1508793698302511,key,uid,ebay - #321584830615,ebay - #321584830615,NULL
1508793698302514,key,uid,ebay - #321584865775,ebay - #321584865775,NULL
1508793698302520,key,uid,ebay - #321584946936,ebay - #321584946936,NULL
1508793698302925,key,uid,ebay - #321592857618,ebay - #321592857618,NULL
1508793698302556,key,uid,ebay - #321585740984,ebay - #321585740984,NULL
1508793698302933,key,uid,ebay - #321592937726,ebay - #321592937726,NULL
1508793698302583,key,uid,ebay - #321586052789,ebay - #321586052789,NULL
1508793698302593,key,uid,ebay - #321586071896,ebay - #321586071896,NULL
1508793698302643,key,uid,ebay - #321586856079,ebay - #321586856079,NULL
1508793698300287,key,uid,ebay - #321540657128,ebay - #321540657128,NULL
1508793698375335,key,uid,ebay - #371209502026,ebay - #371209502026,NULL
1508793698375340,key,uid,ebay - #371209502298,ebay - #371209502298,NULL
1508793698385371,key,uid,ebay - #390947534435,ebay - #390947534435,NULL
1508793698299845,key,uid,ebay - #321534219853,ebay - #321534219853,NULL
1508793698385379,key,uid,ebay - #390947560915,ebay - #390947560915,NULL
1508793698375380,key,uid,ebay - #371215550275,ebay - #371215550275,NULL
1508793698300047,key,uid,ebay - #321537063145,ebay - #321537063145,NULL
1508793698302752,key,uid,ebay - #321588979640,ebay - #321588979640,NULL
1508793698302781,key,uid,ebay - #321589486293,ebay - #321589486293,NULL
1508793698375404,key,uid,ebay - #371216683749,ebay - #371216683749,NULL
1508793698302791,key,uid,ebay - #321589584094,ebay - #321589584094,NULL
1508793698300195,key,uid,ebay - #321539564949,ebay - #321539564949,NULL
1508793698382488,key,uid,ebay - #390772449912,ebay - #390772449912,NULL
1508793698382527,key,uid,ebay - #390774699922,ebay - #390774699922,NULL
1508793698382557,key,uid,ebay - #390776406201,ebay - #390776406201,NULL
1508793698382582,key,uid,ebay - #390777537910,ebay - #390777537910,NULL
1508793698375375,key,uid,ebay - #371212453140,ebay - #371212453140,NULL
1508793698382635,key,uid,ebay - #390779646761,ebay - #390779646761,NULL
1508793698382658,key,uid,ebay - #390780449495,ebay - #390780449495,NULL
1508793698301716,key,uid,ebay - #321566212818,ebay - #321566212818,NULL
1508793698302063,key,uid,ebay - #321574825591,ebay - #321574825591,NULL
1508793698302067,key,uid,ebay - #321574998225,ebay - #321574998225,NULL
1508793698385150,key,uid,ebay - #390944060687,ebay - #390944060687,NULL
1508793698302660,key,uid,ebay - #321587158319,ebay - #321587158319,NULL
1508793698302664,key,uid,ebay - #321587240088,ebay - #321587240088,NULL
1508793698302940,key,uid,ebay - #321593074104,ebay - #321593074104,NULL
1508793698375345,key,uid,ebay - #371209502379,ebay - #371209502379,NULL
1508793698302697,key,uid,ebay - #321588451580,ebay - #321588451580,NULL
1508793698375358,key,uid,ebay - #371211434349,ebay - #371211434349,NULL
1508793698382567,key,uid,ebay - #390777456590,ebay - #390777456590,NULL
1508793698382681,key,uid,ebay - #390781084563,ebay - #390781084563,NULL
1508793698301763,key,uid,ebay - #321567748790,ebay - #321567748790,NULL
1508793698384605,key,uid,ebay - #390934405337,ebay - #390934405337,NULL
1508793698382321,key,uid,ebay - #390750448706,ebay - #390750448706,NULL
1508793698382458,key,uid,ebay - #390771566826,ebay - #390771566826,NULL
1508793698382463,key,uid,ebay - #390772098077,ebay - #390772098077,NULL
1508793698382468,key,uid,ebay - #390772317740,ebay - #390772317740,NULL
1508793698385463,key,uid,ebay - #390950051862,ebay - #390950051862,NULL
1508793698384620,key,uid,ebay - #390934489772,ebay - #390934489772,NULL
1508793698385641,key,uid,ebay - #390954485353,ebay - #390954485353,NULL
1508793698382500,key,uid,ebay - #390773747964,ebay - #390773747964,NULL
1508793698382519,key,uid,ebay - #390774544228,ebay - #390774544228,NULL
1508793698382521,key,uid,ebay - #390774647649,ebay - #390774647649,NULL
1508793698385466,key,uid,ebay - #390950175027,ebay - #390950175027,NULL
1508793698382538,key,uid,ebay - #390775416934,ebay - #390775416934,NULL
1508793698385776,key,uid,ebay - #390955118204,ebay - #390955118204,NULL
1508793698375361,key,uid,ebay - #371211647873,ebay - #371211647873,NULL
1508793698385799,key,uid,ebay - #390956183442,ebay - #390956183442,NULL
1508793698385821,key,uid,ebay - #390956655925,ebay - #390956655925,NULL
1508793698382544,key,uid,ebay - #390775418258,ebay - #390775418258,NULL
1508793698382547,key,uid,ebay - #390775473114,ebay - #390775473114,NULL
1508793698385833,key,uid,ebay - #390956811197,ebay - #390956811197,NULL
1508793698375370,key,uid,ebay - #371211748932,ebay - #371211748932,NULL
1508793698382554,key,uid,ebay - #390776071566,ebay - #390776071566,NULL
1508793698302831,key,uid,ebay - #321590500815,ebay - #321590500815,NULL
1508793698382564,key,uid,ebay - #390777249927,ebay - #390777249927,NULL
1508793698385897,key,uid,ebay - #390959045085,ebay - #390959045085,NULL
1508793698384667,key,uid,ebay - #390935730795,ebay - #390935730795,NULL
1508793698385911,key,uid,ebay - #390959309004,ebay - #390959309004,NULL
1508793698382588,key,uid,ebay - #390777816903,ebay - #390777816903,NULL
1508793698385479,key,uid,ebay - #390950226455,ebay - #390950226455,NULL
1508793698382592,key,uid,ebay - #390778138801,ebay - #390778138801,NULL
1508793698382595,key,uid,ebay - #390778428515,ebay - #390778428515,NULL
1508793698382602,key,uid,ebay - #390778516572,ebay - #390778516572,NULL
1508793698384511,key,uid,ebay - #390931986436,ebay - #390931986436,NULL
1508793698382611,key,uid,ebay - #390778556559,ebay - #390778556559,NULL
1508793698382615,key,uid,ebay - #390778557132,ebay - #390778557132,NULL
1508793698385977,key,uid,ebay - #390961227981,ebay - #390961227981,NULL
1508793698384519,key,uid,ebay - #390932092255,ebay - #390932092255,NULL
1508793698382624,key,uid,ebay - #390779104963,ebay - #390779104963,NULL
1508793698382628,key,uid,ebay - #390779308619,ebay - #390779308619,NULL
1508793698382632,key,uid,ebay - #390779310733,ebay - #390779310733,NULL
1508793698381872,key,uid,ebay - #390685139293,ebay - #390685139293,NULL
1508793698384670,key,uid,ebay - #390935744520,ebay - #390935744520,NULL
1508793698382663,key,uid,ebay - #390780527617,ebay - #390780527617,NULL
1508793698382667,key,uid,ebay - #390780529207,ebay - #390780529207,NULL
1508793698382671,key,uid,ebay - #390780558334,ebay - #390780558334,NULL
1508793698382675,key,uid,ebay - #390780814418,ebay - #390780814418,NULL
1508793698382683,key,uid,ebay - #390781213605,ebay - #390781213605,NULL
1508793698382689,key,uid,ebay - #390781272677,ebay - #390781272677,NULL
1508793698382698,key,uid,ebay - #390781833343,ebay - #390781833343,NULL
1508793698382704,key,uid,ebay - #390781892610,ebay - #390781892610,NULL
1508793698382708,key,uid,ebay - #390782983048,ebay - #390782983048,NULL
1508793698382710,key,uid,ebay - #390784593570,ebay - #390784593570,NULL
1508793698382729,key,uid,ebay - #390786408245,ebay - #390786408245,NULL
1508793698382735,key,uid,ebay - #390786408267,ebay - #390786408267,NULL
1508793698382741,key,uid,ebay - #390787217171,ebay - #390787217171,NULL
1508793698382746,key,uid,ebay - #390787879364,ebay - #390787879364,NULL
1508793698382776,key,uid,ebay - #390791973591,ebay - #390791973591,NULL
1508793698382782,key,uid,ebay - #390792015837,ebay - #390792015837,NULL
1508793698382787,key,uid,ebay - #390792533685,ebay - #390792533685,NULL
1508793698382821,key,uid,ebay - #390794180420,ebay - #390794180420,NULL
1508793698386264,key,uid,ebay - #390965043290,ebay - #390965043290,NULL
1508793698382824,key,uid,ebay - #390794180786,ebay - #390794180786,NULL
1508793698382829,key,uid,ebay - #390794181307,ebay - #390794181307,NULL
1508793698382832,key,uid,ebay - #390794193704,ebay - #390794193704,NULL
1508793698386335,key,uid,ebay - #390966821752,ebay - #390966821752,NULL
1508793698382838,key,uid,ebay - #390794798620,ebay - #390794798620,NULL
1508793698382847,key,uid,ebay - #390794862794,ebay - #390794862794,NULL
1508793698382851,key,uid,ebay - #390795457701,ebay - #390795457701,NULL
1508793698382893,key,uid,ebay - #390796338228,ebay - #390796338228,NULL
1508793698382896,key,uid,ebay - #390796392068,ebay - #390796392068,NULL
1508793698382904,key,uid,ebay - #390796436722,ebay - #390796436722,NULL
1508793698300939,key,uid,ebay - #321551574667,ebay - #321551574667,NULL
1508793698382910,key,uid,ebay - #390796476193,ebay - #390796476193,NULL
1508793698384523,key,uid,ebay - #390932131336,ebay - #390932131336,NULL
1508793698382916,key,uid,ebay - #390797021737,ebay - #390797021737,NULL
1508793698382922,key,uid,ebay - #390797021845,ebay - #390797021845,NULL
1508793698382924,key,uid,ebay - #390797154054,ebay - #390797154054,NULL
1508793698382931,key,uid,ebay - #390797168802,ebay - #390797168802,NULL
1508793698382933,key,uid,ebay - #390797245413,ebay - #390797245413,NULL
1508793698386584,key,uid,ebay - #390970704355,ebay - #390970704355,NULL
1508793698382938,key,uid,ebay - #390797806523,ebay - #390797806523,NULL
1508793698382947,key,uid,ebay - #390797806734,ebay - #390797806734,NULL
1508793698382951,key,uid,ebay - #390797827216,ebay - #390797827216,NULL
1508793698382964,key,uid,ebay - #390798650722,ebay - #390798650722,NULL
1508793698382967,key,uid,ebay - #390798735222,ebay - #390798735222,NULL
1508793698382971,key,uid,ebay - #390798738837,ebay - #390798738837,NULL
1508793698383000,key,uid,ebay - #390810080237,ebay - #390810080237,NULL
1508793698383242,key,uid,ebay - #390826611482,ebay - #390826611482,NULL
1508793698383264,key,uid,ebay - #390829135065,ebay - #390829135065,NULL
1508793698384747,key,uid,ebay - #390936868798,ebay - #390936868798,NULL
1508793698383342,key,uid,ebay - #390833216352,ebay - #390833216352,NULL
1508793698384527,key,uid,ebay - #390932156428,ebay - #390932156428,NULL
1508793698383358,key,uid,ebay - #390835328042,ebay - #390835328042,NULL
1508793698384759,key,uid,ebay - #390937024934,ebay - #390937024934,NULL
1508793698383431,key,uid,ebay - #390836013532,ebay - #390836013532,NULL
1508793698383433,key,uid,ebay - #390836070913,ebay - #390836070913,NULL
1508793698384762,key,uid,ebay - #390937040942,ebay - #390937040942,NULL
1508793698383482,key,uid,ebay - #390838688100,ebay - #390838688100,NULL
1508793698383487,key,uid,ebay - #390839348886,ebay - #390839348886,NULL
1508793698383493,key,uid,ebay - #390839418804,ebay - #390839418804,NULL
1508793698386759,key,uid,ebay - #390974401990,ebay - #390974401990,NULL
1508793698383502,key,uid,ebay - #390840744585,ebay - #390840744585,NULL
1508793698383516,key,uid,ebay - #390841349309,ebay - #390841349309,NULL
1508793698384534,key,uid,ebay - #390932313367,ebay - #390932313367,NULL
1508793698383522,key,uid,ebay - #390842139529,ebay - #390842139529,NULL
1508793698383921,key,uid,ebay - #390887061703,ebay - #390887061703,NULL
1508793698383981,key,uid,ebay - #390895194210,ebay - #390895194210,NULL
1508793698383985,key,uid,ebay - #390895202579,ebay - #390895202579,NULL
1508793698384049,key,uid,ebay - #390904823588,ebay - #390904823588,NULL
1508793698384540,key,uid,ebay - #390932824387,ebay - #390932824387,NULL
1508793698384052,key,uid,ebay - #390904976513,ebay - #390904976513,NULL
1508793698384056,key,uid,ebay - #390905071401,ebay - #390905071401,NULL
1508793698386854,key,uid,ebay - #390977143490,ebay - #390977143490,NULL
1508793698384061,key,uid,ebay - #390905092372,ebay - #390905092372,NULL
1508793698384543,key,uid,ebay - #390932846907,ebay - #390932846907,NULL
1508793698384072,key,uid,ebay - #390905241215,ebay - #390905241215,NULL
1508793698384076,key,uid,ebay - #390905629405,ebay - #390905629405,NULL
1508793698384083,key,uid,ebay - #390905774390,ebay - #390905774390,NULL
1508793698384090,key,uid,ebay - #390905847849,ebay - #390905847849,NULL
1508793698386896,key,uid,ebay - #390978261612,ebay - #390978261612,NULL
1508793698384098,key,uid,ebay - #390905969443,ebay - #390905969443,NULL
1508793698386925,key,uid,ebay - #390978771291,ebay - #390978771291,NULL
1508793698384563,key,uid,ebay - #390933619776,ebay - #390933619776,NULL
1508793698384600,key,uid,ebay - #390934358275,ebay - #390934358275,NULL
1508793698384101,key,uid,ebay - #390905970668,ebay - #390905970668,NULL
1508793698384570,key,uid,ebay - #390933724520,ebay - #390933724520,NULL
1508793698386945,key,uid,ebay - #390979116719,ebay - #390979116719,NULL
1508793698384571,key,uid,ebay - #390933727190,ebay - #390933727190,NULL
1508793698386953,key,uid,ebay - #390979831646,ebay - #390979831646,NULL
1508793698302922,key,uid,ebay - #321592814485,ebay - #321592814485,NULL
1508793698385030,key,uid,ebay - #390941995410,ebay - #390941995410,NULL
1508793698384110,key,uid,ebay - #390906050894,ebay - #390906050894,NULL
1508793698384114,key,uid,ebay - #390906096193,ebay - #390906096193,NULL
1508793698386977,key,uid,ebay - #390980096185,ebay - #390980096185,NULL
1508793698384581,key,uid,ebay - #390934270904,ebay - #390934270904,NULL
1508793698384123,key,uid,ebay - #390906729927,ebay - #390906729927,NULL
1508793698384129,key,uid,ebay - #390907028905,ebay - #390907028905,NULL
1508793698384585,key,uid,ebay - #390934282155,ebay - #390934282155,NULL
1508793698385049,key,uid,ebay - #390942168483,ebay - #390942168483,NULL
1508793698302094,key,uid,ebay - #321576163302,ebay - #321576163302,NULL
1508793698385069,key,uid,ebay - #390942376125,ebay - #390942376125,NULL
1508793698302184,key,uid,ebay - #321577588261,ebay - #321577588261,NULL
1508793698385107,key,uid,ebay - #390943316976,ebay - #390943316976,NULL
1508793698385174,key,uid,ebay - #390944905252,ebay - #390944905252,NULL
1508793698385202,key,uid,ebay - #390945084902,ebay - #390945084902,NULL
1508793698385225,key,uid,ebay - #390945693707,ebay - #390945693707,NULL
1508793698384141,key,uid,ebay - #390907247275,ebay - #390907247275,NULL
1508793698387349,key,uid,ebay - #390998582364,ebay - #390998582364,NULL
1508793698384144,key,uid,ebay - #390907289855,ebay - #390907289855,NULL
1508793698384157,key,uid,ebay - #390907417535,ebay - #390907417535,NULL
1508793698302458,key,uid,ebay - #321583277792,ebay - #321583277792,NULL
1508793698384160,key,uid,ebay - #390907439858,ebay - #390907439858,NULL
1508793698384163,key,uid,ebay - #390907456905,ebay - #390907456905,NULL
1508793698384167,key,uid,ebay - #390907487881,ebay - #390907487881,NULL
1508793698387405,key,uid,ebay - #391000818997,ebay - #391000818997,NULL
1508793698387410,key,uid,ebay - #391000819070,ebay - #391000819070,NULL
1508793698387414,key,uid,ebay - #391000819125,ebay - #391000819125,NULL
1508793698302478,key,uid,ebay - #321583809707,ebay - #321583809707,NULL
1508793698384177,key,uid,ebay - #390907965457,ebay - #390907965457,NULL
1508793698302525,key,uid,ebay - #321584949072,ebay - #321584949072,NULL
1508793698387454,key,uid,ebay - #391004808789,ebay - #391004808789,NULL
1508793698302929,key,uid,ebay - #321592926278,ebay - #321592926278,NULL
1508793698302547,key,uid,ebay - #321585670463,ebay - #321585670463,NULL
1508793698384186,key,uid,ebay - #390908074079,ebay - #390908074079,NULL
1508793698384195,key,uid,ebay - #390908160328,ebay - #390908160328,NULL
1508793698384200,key,uid,ebay - #390908206056,ebay - #390908206056,NULL
1508793698384209,key,uid,ebay - #390908269168,ebay - #390908269168,NULL
1508793698384226,key,uid,ebay - #390908795085,ebay - #390908795085,NULL
1508793698391726,key,uid,ebay - #391130049184,ebay - #391130049184,NULL
1508793698384231,key,uid,ebay - #390908835574,ebay - #390908835574,NULL
1508793698384236,key,uid,ebay - #390908861883,ebay - #390908861883,NULL
1508793698384244,key,uid,ebay - #390908933789,ebay - #390908933789,NULL
1508793698381877,key,uid,ebay - #390685140026,ebay - #390685140026,NULL
150879369893880,key,uid,ebay - #181275635367,ebay - #181275635367,NULL
1508793698375386,key,uid,ebay - #371215798619,ebay - #371215798619,NULL
1508793698384254,key,uid,ebay - #390909252328,ebay - #390909252328,NULL
1508793698384260,key,uid,ebay - #390909335503,ebay - #390909335503,NULL
1508793698384262,key,uid,ebay - #390909343972,ebay - #390909343972,NULL
150879369894298,key,uid,ebay - #181365979336,ebay - #181365979336,NULL
1508793698384266,key,uid,ebay - #390909379225,ebay - #390909379225,NULL
1508793698384272,key,uid,ebay - #390909415868,ebay - #390909415868,NULL
1508793698384277,key,uid,ebay - #390909580851,ebay - #390909580851,NULL
1508793698384280,key,uid,ebay - #390909624318,ebay - #390909624318,NULL
1508793698384285,key,uid,ebay - #390909633763,ebay - #390909633763,NULL
1508793698302757,key,uid,ebay - #321589003647,ebay - #321589003647,NULL
1508793698384289,key,uid,ebay - #390909657533,ebay - #390909657533,NULL
150879369894373,key,uid,ebay - #181372334977,ebay - #181372334977,NULL
1508793698384300,key,uid,ebay - #390909876463,ebay - #390909876463,NULL
1508793698384413,key,uid,ebay - #390928042994,ebay - #390928042994,NULL
1508793698384455,key,uid,ebay - #390929439220,ebay - #390929439220,NULL
1508793698384467,key,uid,ebay - #390930933620,ebay - #390930933620,NULL
1508793698384475,key,uid,ebay - #390930975762,ebay - #390930975762,NULL
1508793698384486,key,uid,ebay - #390931017184,ebay - #390931017184,NULL
1508793698384489,key,uid,ebay - #390931073029,ebay - #390931073029,NULL
1508793698384493,key,uid,ebay - #390931401360,ebay - #390931401360,NULL
1508793698384495,key,uid,ebay - #390931423478,ebay - #390931423478,NULL
1508793698384502,key,uid,ebay - #390931446421,ebay - #390931446421,NULL
1508793698384506,key,uid,ebay - #390931464117,ebay - #390931464117,NULL
1508793698382071,key,uid,ebay - #390712368318,ebay - #390712368318,NULL
1508793698384610,key,uid,ebay - #390934439404,ebay - #390934439404,NULL
1508793698382443,key,uid,ebay - #390765377823,ebay - #390765377823,NULL
1508793698384598,key,uid,ebay - #390934334299,ebay - #390934334299,NULL
1508793698384663,key,uid,ebay - #390935713626,ebay - #390935713626,NULL
1508793698384676,key,uid,ebay - #390935746670,ebay - #390935746670,NULL
1508793698386138,key,uid,ebay - #390963559238,ebay - #390963559238,NULL
1508793698384683,key,uid,ebay - #390935760785,ebay - #390935760785,NULL
1508793698384691,key,uid,ebay - #390935793478,ebay - #390935793478,NULL
1508793698384713,key,uid,ebay - #390936380740,ebay - #390936380740,NULL
1508793698384765,key,uid,ebay - #390937088954,ebay - #390937088954,NULL
1508793698383498,key,uid,ebay - #390840190348,ebay - #390840190348,NULL
1508793698386869,key,uid,ebay - #390977720232,ebay - #390977720232,NULL
1508793698385121,key,uid,ebay - #390943832916,ebay - #390943832916,NULL
1508793698384132,key,uid,ebay - #390907149007,ebay - #390907149007,NULL
1508793698384173,key,uid,ebay - #390907671794,ebay - #390907671794,NULL
1508793698382718,key,uid,ebay - #390785482275,ebay - #390785482275,NULL
1508793698302871,key,uid,ebay - #321591717668,ebay - #321591717668,NULL
1508793698384729,key,uid,ebay - #390936457067,ebay - #390936457067,NULL
1508793698384105,key,uid,ebay - #390906043585,ebay - #390906043585,NULL
1508793698385595,key,uid,ebay - #390953243656,ebay - #390953243656,NULL
1508793698302794,key,uid,ebay - #321589604763,ebay - #321589604763,NULL
150879369895475,key,uid,ebay - #181537125278,ebay - #181537125278,NULL
1508793698385608,key,uid,ebay - #390953779725,ebay - #390953779725,NULL
1508793698385627,key,uid,ebay - #390954399485,ebay - #390954399485,NULL
1508793698385638,key,uid,ebay - #390954471073,ebay - #390954471073,NULL
1508793698384616,key,uid,ebay - #390934471855,ebay - #390934471855,NULL
1508793698385646,key,uid,ebay - #390954516437,ebay - #390954516437,NULL
150879369895805,key,uid,ebay - #181587862207,ebay - #181587862207,NULL
1508793698384626,key,uid,ebay - #390934897129,ebay - #390934897129,NULL
1508793698302828,key,uid,ebay - #321590347978,ebay - #321590347978,NULL
1508793698385650,key,uid,ebay - #390954520545,ebay - #390954520545,NULL
1508793698385656,key,uid,ebay - #390954545416,ebay - #390954545416,NULL
1508793698385671,key,uid,ebay - #390954875863,ebay - #390954875863,NULL
1508793698385763,key,uid,ebay - #390954972207,ebay - #390954972207,NULL
1508793698384639,key,uid,ebay - #390935102471,ebay - #390935102471,NULL
1508793698384643,key,uid,ebay - #390935107422,ebay - #390935107422,NULL
1508793698384652,key,uid,ebay - #390935534423,ebay - #390935534423,NULL
1508793698385788,key,uid,ebay - #390955383621,ebay - #390955383621,NULL
1508793698385825,key,uid,ebay - #390956662717,ebay - #390956662717,NULL
1508793698385829,key,uid,ebay - #390956805444,ebay - #390956805444,NULL
1508793698385849,key,uid,ebay - #390957605592,ebay - #390957605592,NULL
1508793698385853,key,uid,ebay - #390957747234,ebay - #390957747234,NULL
1508793698384657,key,uid,ebay - #390935678305,ebay - #390935678305,NULL
1508793698385862,key,uid,ebay - #390958013573,ebay - #390958013573,NULL
1508793698385875,key,uid,ebay - #390958404520,ebay - #390958404520,NULL
150879369895486,key,uid,ebay - #181539898732,ebay - #181539898732,NULL
1508793698385469,key,uid,ebay - #390950213152,ebay - #390950213152,NULL
1508793698385910,key,uid,ebay - #390959301290,ebay - #390959301290,NULL
1508793698385580,key,uid,ebay - #390952684001,ebay - #390952684001,NULL
1508793698382573,key,uid,ebay - #390777465090,ebay - #390777465090,NULL
1508793698382577,key,uid,ebay - #390777473680,ebay - #390777473680,NULL
1508793698385474,key,uid,ebay - #390950223646,ebay - #390950223646,NULL
1508793698385918,key,uid,ebay - #390959411187,ebay - #390959411187,NULL
1508793698385924,key,uid,ebay - #390959545864,ebay - #390959545864,NULL
1508793698385934,key,uid,ebay - #390959894295,ebay - #390959894295,NULL
1508793698385938,key,uid,ebay - #390960048029,ebay - #390960048029,NULL
1508793698385942,key,uid,ebay - #390960068851,ebay - #390960068851,NULL
1508793698385954,key,uid,ebay - #390960285511,ebay - #390960285511,NULL
1508793698385968,key,uid,ebay - #390960977956,ebay - #390960977956,NULL
1508793698385993,key,uid,ebay - #390962006037,ebay - #390962006037,NULL
1508793698382620,key,uid,ebay - #390779064742,ebay - #390779064742,NULL
1508793698385996,key,uid,ebay - #390962019226,ebay - #390962019226,NULL
1508793698386002,key,uid,ebay - #390962030674,ebay - #390962030674,NULL
1508793698386005,key,uid,ebay - #390962052826,ebay - #390962052826,NULL
1508793698385495,key,uid,ebay - #390950887727,ebay - #390950887727,NULL
1508793698386009,key,uid,ebay - #390962056748,ebay - #390962056748,NULL
1508793698386014,key,uid,ebay - #390962060137,ebay - #390962060137,NULL
1508793698386018,key,uid,ebay - #390962069306,ebay - #390962069306,NULL
1508793698386023,key,uid,ebay - #390962084610,ebay - #390962084610,NULL
1508793698386026,key,uid,ebay - #390962094698,ebay - #390962094698,NULL
1508793698386033,key,uid,ebay - #390962112824,ebay - #390962112824,NULL
1508793698385585,key,uid,ebay - #390953101281,ebay - #390953101281,NULL
1508793698386045,key,uid,ebay - #390962282183,ebay - #390962282183,NULL
1508793698382693,key,uid,ebay - #390781285432,ebay - #390781285432,NULL
1508793698386067,key,uid,ebay - #390962790174,ebay - #390962790174,NULL
1508793698386073,key,uid,ebay - #390962795294,ebay - #390962795294,NULL
1508793698386113,key,uid,ebay - #390963394266,ebay - #390963394266,NULL
150879369895496,key,uid,ebay - #181542618361,ebay - #181542618361,NULL
1508793698386141,key,uid,ebay - #390963577596,ebay - #390963577596,NULL
1508793698384680,key,uid,ebay - #390935756344,ebay - #390935756344,NULL
1508793698386150,key,uid,ebay - #390963643067,ebay - #390963643067,NULL
1508793698386181,key,uid,ebay - #390964153656,ebay - #390964153656,NULL
1508793698386203,key,uid,ebay - #390964245088,ebay - #390964245088,NULL
1508793698386211,key,uid,ebay - #390964282934,ebay - #390964282934,NULL
1508793698386251,key,uid,ebay - #390964907085,ebay - #390964907085,NULL
1508793698386271,key,uid,ebay - #390965615562,ebay - #390965615562,NULL
1508793698386324,key,uid,ebay - #390966771851,ebay - #390966771851,NULL
1508793698386337,key,uid,ebay - #390966899987,ebay - #390966899987,NULL
1508793698386376,key,uid,ebay - #390967683317,ebay - #390967683317,NULL
1508793698382842,key,uid,ebay - #390794840485,ebay - #390794840485,NULL
1508793698384686,key,uid,ebay - #390935761071,ebay - #390935761071,NULL
1508793698386384,key,uid,ebay - #390967722454,ebay - #390967722454,NULL
1508793698382861,key,uid,ebay - #390795658062,ebay - #390795658062,NULL
1508793698382891,key,uid,ebay - #390796334224,ebay - #390796334224,NULL
1508793698384697,key,uid,ebay - #390935828941,ebay - #390935828941,NULL
1508793698386394,key,uid,ebay - #390967758999,ebay - #390967758999,NULL
1508793698386401,key,uid,ebay - #390967815691,ebay - #390967815691,NULL
1508793698386404,key,uid,ebay - #390967844341,ebay - #390967844341,NULL
1508793698386418,key,uid,ebay - #390968325485,ebay - #390968325485,NULL
1508793698386549,key,uid,ebay - #390969809243,ebay - #390969809243,NULL
1508793698384707,key,uid,ebay - #390936365577,ebay - #390936365577,NULL
1508793698386558,key,uid,ebay - #390970128086,ebay - #390970128086,NULL
1508793698386567,key,uid,ebay - #390970561957,ebay - #390970561957,NULL
1508793698386573,key,uid,ebay - #390970643959,ebay - #390970643959,NULL
1508793698386579,key,uid,ebay - #390970663767,ebay - #390970663767,NULL
1508793698386600,key,uid,ebay - #390970982502,ebay - #390970982502,NULL
1508793698382943,key,uid,ebay - #390797806542,ebay - #390797806542,NULL
1508793698386605,key,uid,ebay - #390970982619,ebay - #390970982619,NULL
1508793698386608,key,uid,ebay - #390971414857,ebay - #390971414857,NULL
1508793698386613,key,uid,ebay - #390971581661,ebay - #390971581661,NULL
1508793698386638,key,uid,ebay - #390972524269,ebay - #390972524269,NULL
1508793698386671,key,uid,ebay - #390972622252,ebay - #390972622252,NULL
1508793698386675,key,uid,ebay - #390972730677,ebay - #390972730677,NULL
1508793698384723,key,uid,ebay - #390936413855,ebay - #390936413855,NULL
1508793698386679,key,uid,ebay - #390972733882,ebay - #390972733882,NULL
1508793698386688,key,uid,ebay - #390973048250,ebay - #390973048250,NULL
1508793698383335,key,uid,ebay - #390833151661,ebay - #390833151661,NULL
1508793698384744,key,uid,ebay - #390936614197,ebay - #390936614197,NULL
1508793698383337,key,uid,ebay - #390833155170,ebay - #390833155170,NULL
1508793698386694,key,uid,ebay - #390973227790,ebay - #390973227790,NULL
1508793698386703,key,uid,ebay - #390973304904,ebay - #390973304904,NULL
1508793698386713,key,uid,ebay - #390973640790,ebay - #390973640790,NULL
1508793698386724,key,uid,ebay - #390973662802,ebay - #390973662802,NULL
1508793698386728,key,uid,ebay - #390973677804,ebay - #390973677804,NULL
1508793698386735,key,uid,ebay - #390973887826,ebay - #390973887826,NULL
1508793698383452,key,uid,ebay - #390836726301,ebay - #390836726301,NULL
1508793698383463,key,uid,ebay - #390837333606,ebay - #390837333606,NULL
1508793698384532,key,uid,ebay - #390932231167,ebay - #390932231167,NULL
1508793698386740,key,uid,ebay - #390973887854,ebay - #390973887854,NULL
1508793698383468,key,uid,ebay - #390837354911,ebay - #390837354911,NULL
1508793698386745,key,uid,ebay - #390973888057,ebay - #390973888057,NULL
1508793698386750,key,uid,ebay - #390973888505,ebay - #390973888505,NULL
1508793698386764,key,uid,ebay - #390974412425,ebay - #390974412425,NULL
1508793698384769,key,uid,ebay - #390937145522,ebay - #390937145522,NULL
1508793698384775,key,uid,ebay - #390937172915,ebay - #390937172915,NULL
1508793698386767,key,uid,ebay - #390974415448,ebay - #390974415448,NULL
1508793698384791,key,uid,ebay - #390937635283,ebay - #390937635283,NULL
1508793698384813,key,uid,ebay - #390937768919,ebay - #390937768919,NULL
1508793698386772,key,uid,ebay - #390974425572,ebay - #390974425572,NULL
1508793698386779,key,uid,ebay - #390974482237,ebay - #390974482237,NULL
1508793698384823,key,uid,ebay - #390937891501,ebay - #390937891501,NULL
1508793698384830,key,uid,ebay - #390938097334,ebay - #390938097334,NULL
1508793698384836,key,uid,ebay - #390938154771,ebay - #390938154771,NULL
1508793698384885,key,uid,ebay - #390938523506,ebay - #390938523506,NULL
1508793698386790,key,uid,ebay - #390974517839,ebay - #390974517839,NULL
1508793698386794,key,uid,ebay - #390974598045,ebay - #390974598045,NULL
1508793698386824,key,uid,ebay - #390975552364,ebay - #390975552364,NULL
1508793698384889,key,uid,ebay - #390938593458,ebay - #390938593458,NULL
1508793698384896,key,uid,ebay - #390938787948,ebay - #390938787948,NULL
1508793698384901,key,uid,ebay - #390939033818,ebay - #390939033818,NULL
1508793698384908,key,uid,ebay - #390939244013,ebay - #390939244013,NULL
1508793698384915,key,uid,ebay - #390939269085,ebay - #390939269085,NULL
1508793698384921,key,uid,ebay - #390939291332,ebay - #390939291332,NULL
1508793698384923,key,uid,ebay - #390939317949,ebay - #390939317949,NULL
1508793698386850,key,uid,ebay - #390976916501,ebay - #390976916501,NULL
1508793698384929,key,uid,ebay - #390939335215,ebay - #390939335215,NULL
1508793698386860,key,uid,ebay - #390977165452,ebay - #390977165452,NULL
1508793698384933,key,uid,ebay - #390939335641,ebay - #390939335641,NULL
1508793698386864,key,uid,ebay - #390977249065,ebay - #390977249065,NULL
1508793698384938,key,uid,ebay - #390939338751,ebay - #390939338751,NULL
1508793698384942,key,uid,ebay - #390939427417,ebay - #390939427417,NULL
1508793698384066,key,uid,ebay - #390905222287,ebay - #390905222287,NULL
1508793698384947,key,uid,ebay - #390939464874,ebay - #390939464874,NULL
1508793698384547,key,uid,ebay - #390932901839,ebay - #390932901839,NULL
1508793698386883,key,uid,ebay - #390978049351,ebay - #390978049351,NULL
1508793698384080,key,uid,ebay - #390905769967,ebay - #390905769967,NULL
1508793698384551,key,uid,ebay - #390932993358,ebay - #390932993358,NULL
1508793698385526,key,uid,ebay - #390951472130,ebay - #390951472130,NULL
1508793698386886,key,uid,ebay - #390978221701,ebay - #390978221701,NULL
1508793698384951,key,uid,ebay - #390939481360,ebay - #390939481360,NULL
1508793698384955,key,uid,ebay - #390939674974,ebay - #390939674974,NULL
1508793698385588,key,uid,ebay - #390953172871,ebay - #390953172871,NULL
1508793698384094,key,uid,ebay - #390905965520,ebay - #390905965520,NULL
1508793698384962,key,uid,ebay - #390939928475,ebay - #390939928475,NULL
1508793698386928,key,uid,ebay - #390978771666,ebay - #390978771666,NULL
1508793698384966,key,uid,ebay - #390940031670,ebay - #390940031670,NULL
1508793698384974,key,uid,ebay - #390940110777,ebay - #390940110777,NULL
1508793698384554,key,uid,ebay - #390933015340,ebay - #390933015340,NULL
1508793698384558,key,uid,ebay - #390933554628,ebay - #390933554628,NULL
1508793698386933,key,uid,ebay - #390978785840,ebay - #390978785840,NULL
1508793698384978,key,uid,ebay - #390940150984,ebay - #390940150984,NULL
1508793698386938,key,uid,ebay - #390978786214,ebay - #390978786214,NULL
1508793698384980,key,uid,ebay - #390940195861,ebay - #390940195861,NULL
1508793698384985,key,uid,ebay - #390940657563,ebay - #390940657563,NULL
1508793698384990,key,uid,ebay - #390940688912,ebay - #390940688912,NULL
1508793698386943,key,uid,ebay - #390978786261,ebay - #390978786261,NULL
1508793698384994,key,uid,ebay - #390940755262,ebay - #390940755262,NULL
1508793698384999,key,uid,ebay - #390940812020,ebay - #390940812020,NULL
1508793698386949,key,uid,ebay - #390979146458,ebay - #390979146458,NULL
1508793698386959,key,uid,ebay - #390979856699,ebay - #390979856699,NULL
1508793698385003,key,uid,ebay - #390941313344,ebay - #390941313344,NULL
1508793698385010,key,uid,ebay - #390941341243,ebay - #390941341243,NULL
1508793698385013,key,uid,ebay - #390941389450,ebay - #390941389450,NULL
1508793698385019,key,uid,ebay - #390941881414,ebay - #390941881414,NULL
1508793698301971,key,uid,ebay - #321572469170,ebay - #321572469170,NULL
1508793698385024,key,uid,ebay - #390941917260,ebay - #390941917260,NULL
1508793698385027,key,uid,ebay - #390941958607,ebay - #390941958607,NULL
1508793698386967,key,uid,ebay - #390979972679,ebay - #390979972679,NULL
1508793698385037,key,uid,ebay - #390942016766,ebay - #390942016766,NULL
1508793698384578,key,uid,ebay - #390934194066,ebay - #390934194066,NULL
1508793698386986,key,uid,ebay - #390980191435,ebay - #390980191435,NULL
1508793698386990,key,uid,ebay - #390980702455,ebay - #390980702455,NULL
1508793698385040,key,uid,ebay - #390942075852,ebay - #390942075852,NULL
1508793698386995,key,uid,ebay - #390980837293,ebay - #390980837293,NULL
1508793698385043,key,uid,ebay - #390942164566,ebay - #390942164566,NULL
1508793698385538,key,uid,ebay - #390951970551,ebay - #390951970551,NULL
1508793698385542,key,uid,ebay - #390952014635,ebay - #390952014635,NULL
1508793698387006,key,uid,ebay - #390981107166,ebay - #390981107166,NULL
1508793698387015,key,uid,ebay - #390981210909,ebay - #390981210909,NULL
1508793698385053,key,uid,ebay - #390942186026,ebay - #390942186026,NULL
1508793698385077,key,uid,ebay - #390942670108,ebay - #390942670108,NULL
1508793698385081,key,uid,ebay - #390942683132,ebay - #390942683132,NULL
1508793698385085,key,uid,ebay - #390942753051,ebay - #390942753051,NULL
1508793698385088,key,uid,ebay - #390942764773,ebay - #390942764773,NULL
1508793698385096,key,uid,ebay - #390942833355,ebay - #390942833355,NULL
1508793698387184,key,uid,ebay - #390987288717,ebay - #390987288717,NULL
1508793698385129,key,uid,ebay - #390943852377,ebay - #390943852377,NULL
1508793698385134,key,uid,ebay - #390943900739,ebay - #390943900739,NULL
1508793698385138,key,uid,ebay - #390943909694,ebay - #390943909694,NULL
1508793698385142,key,uid,ebay - #390943923563,ebay - #390943923563,NULL
1508793698385545,key,uid,ebay - #390952014875,ebay - #390952014875,NULL
150879369895535,key,uid,ebay - #181546100505,ebay - #181546100505,NULL
1508793698385155,key,uid,ebay - #390944358785,ebay - #390944358785,NULL
1508793698385163,key,uid,ebay - #390944479320,ebay - #390944479320,NULL
1508793698385166,key,uid,ebay - #390944486941,ebay - #390944486941,NULL
1508793698387188,key,uid,ebay - #390987325738,ebay - #390987325738,NULL
1508793698385183,key,uid,ebay - #390944977299,ebay - #390944977299,NULL
1508793698384137,key,uid,ebay - #390907225803,ebay - #390907225803,NULL
1508793698385187,key,uid,ebay - #390945043458,ebay - #390945043458,NULL
1508793698385190,key,uid,ebay - #390945063705,ebay - #390945063705,NULL
1508793698385195,key,uid,ebay - #390945077481,ebay - #390945077481,NULL
1508793698385210,key,uid,ebay - #390945475945,ebay - #390945475945,NULL
1508793698385218,key,uid,ebay - #390945625340,ebay - #390945625340,NULL
1508793698385220,key,uid,ebay - #390945693503,ebay - #390945693503,NULL
1508793698385239,key,uid,ebay - #390946017460,ebay - #390946017460,NULL
1508793698385245,key,uid,ebay - #390946202173,ebay - #390946202173,NULL
1508793698387377,key,uid,ebay - #390999476048,ebay - #390999476048,NULL
1508793698384151,key,uid,ebay - #390907408755,ebay - #390907408755,NULL
1508793698385251,key,uid,ebay - #390946256246,ebay - #390946256246,NULL
1508793698387393,key,uid,ebay - #391000639719,ebay - #391000639719,NULL
1508793698387401,key,uid,ebay - #391000818971,ebay - #391000818971,NULL
1508793698302469,key,uid,ebay - #321583694454,ebay - #321583694454,NULL
1508793698385254,key,uid,ebay - #390946263171,ebay - #390946263171,NULL
1508793698387444,key,uid,ebay - #391004709412,ebay - #391004709412,NULL
1508793698385260,key,uid,ebay - #390946263261,ebay - #390946263261,NULL
1508793698385267,key,uid,ebay - #390946295417,ebay - #390946295417,NULL
1508793698385273,key,uid,ebay - #390946552285,ebay - #390946552285,NULL
1508793698387446,key,uid,ebay - #391004735202,ebay - #391004735202,NULL
1508793698385277,key,uid,ebay - #390946660047,ebay - #390946660047,NULL
1508793698302501,key,uid,ebay - #321584164103,ebay - #321584164103,NULL
1508793698385305,key,uid,ebay - #390946745038,ebay - #390946745038,NULL
1508793698385309,key,uid,ebay - #390946787077,ebay - #390946787077,NULL
1508793698385313,key,uid,ebay - #390946789390,ebay - #390946789390,NULL
1508793698385317,key,uid,ebay - #390946880915,ebay - #390946880915,NULL
1508793698384180,key,uid,ebay - #390908047172,ebay - #390908047172,NULL
1508793698387466,key,uid,ebay - #391004904934,ebay - #391004904934,NULL
1508793698387471,key,uid,ebay - #391004919914,ebay - #391004919914,NULL
1508793698385326,key,uid,ebay - #390946896537,ebay - #390946896537,NULL
1508793698385328,key,uid,ebay - #390946917031,ebay - #390946917031,NULL
1508793698385333,key,uid,ebay - #390946974147,ebay - #390946974147,NULL
1508793698387476,key,uid,ebay - #391004921509,ebay - #391004921509,NULL
1508793698384191,key,uid,ebay - #390908135294,ebay - #390908135294,NULL
1508793698385358,key,uid,ebay - #390947323661,ebay - #390947323661,NULL
1508793698387921,key,uid,ebay - #391075639597,ebay - #391075639597,NULL
1508793698384204,key,uid,ebay - #390908215413,ebay - #390908215413,NULL
1508793698385548,key,uid,ebay - #390952036059,ebay - #390952036059,NULL
1508793698385552,key,uid,ebay - #390952038559,ebay - #390952038559,NULL
1508793698384589,key,uid,ebay - #390934290807,ebay - #390934290807,NULL
1508793698385558,key,uid,ebay - #390952122023,ebay - #390952122023,NULL
1508793698391722,key,uid,ebay - #391130049120,ebay - #391130049120,NULL
1508793698384220,key,uid,ebay - #390908450644,ebay - #390908450644,NULL
150879369893875,node,email,jetco.digital@yahoo.com,ebay - #181275635037,NULL
150879369893876,key,uid,ebay - #181275635037,ebay - #181275635037,NULL
1508793698384593,key,uid,ebay - #390934311722,ebay - #390934311722,NULL
1508793698385361,key,uid,ebay - #390947333175,ebay - #390947333175,NULL
1508793698384240,key,uid,ebay - #390908917580,ebay - #390908917580,NULL
1508793698385366,key,uid,ebay - #390947489758,ebay - #390947489758,NULL
150879369893878,node,phone,206 940 4197,ebay - #181275635037,NULL
1508793698384251,key,uid,ebay - #390909163077,ebay - #390909163077,NULL
1508793698385390,key,uid,ebay - #390948076975,ebay - #390948076975,NULL
1508793698385568,key,uid,ebay - #390952494655,ebay - #390952494655,NULL
1508793698385395,key,uid,ebay - #390948125909,ebay - #390948125909,NULL
1508793698385570,key,uid,ebay - #390952601075,ebay - #390952601075,NULL
150879369894312,key,uid,ebay - #181368432903,ebay - #181368432903,NULL
1508793698385574,key,uid,ebay - #390952603968,ebay - #390952603968,NULL
1508793698385400,key,uid,ebay - #390948150374,ebay - #390948150374,NULL
150879369894346,key,uid,ebay - #181371035751,ebay - #181371035751,NULL
1508793698385402,key,uid,ebay - #390948251090,ebay - #390948251090,NULL
150879369894356,key,uid,ebay - #181371158901,ebay - #181371158901,NULL
1508793698384303,key,uid,ebay - #390910040004,ebay - #390910040004,NULL
1508793698385410,key,uid,ebay - #390948573147,ebay - #390948573147,NULL
1508793698385430,key,uid,ebay - #390949566247,ebay - #390949566247,NULL
1508793698384420,key,uid,ebay - #390928185478,ebay - #390928185478,NULL
1508793698384423,key,uid,ebay - #390928191807,ebay - #390928191807,NULL
1508793698384480,key,uid,ebay - #390930985246,ebay - #390930985246,NULL
150879369894816,key,uid,ebay - #181435895525,ebay - #181435895525,NULL
150879369894840,key,uid,ebay - #181437195621,ebay - #181437195621,NULL
1508793698385433,key,uid,ebay - #390949575742,ebay - #390949575742,NULL
1508793698385438,key,uid,ebay - #390949716807,ebay - #390949716807,NULL
150879369895492,key,uid,ebay - #181542067086,ebay - #181542067086,NULL
150879369895503,key,uid,ebay - #181542780039,ebay - #181542780039,NULL
150879369895598,key,uid,ebay - #181560318445,ebay - #181560318445,NULL
1508793698386820,key,uid,ebay - #390975410860,ebay - #390975410860,NULL
1508793698387135,key,uid,ebay - #390986973044,ebay - #390986973044,NULL
150879369894820,key,uid,ebay - #181435936540,ebay - #181435936540,NULL
150879369895642,key,uid,ebay - #181565936863,ebay - #181565936863,NULL
150879369895413,key,uid,ebay - #181524089323,ebay - #181524089323,NULL
1508793698385598,key,uid,ebay - #390953248061,ebay - #390953248061,NULL
150879369895471,key,uid,ebay - #181537078967,ebay - #181537078967,NULL
150879369895720,key,uid,ebay - #181571827807,ebay - #181571827807,NULL
150879369895477,key,uid,ebay - #181537740343,ebay - #181537740343,NULL
150879369895742,key,uid,ebay - #181576015271,ebay - #181576015271,NULL
1508793698385620,key,uid,ebay - #390954257351,ebay - #390954257351,NULL
150879369895754,key,uid,ebay - #181578509961,ebay - #181578509961,NULL
150879369895769,key,uid,ebay - #181581744008,ebay - #181581744008,NULL
150879369895787,key,uid,ebay - #181583851129,ebay - #181583851129,NULL
150879369895819,key,uid,ebay - #181589281367,ebay - #181589281367,NULL
150879369895821,key,uid,ebay - #181589376142,ebay - #181589376142,NULL
150879369895824,key,uid,ebay - #181589607243,ebay - #181589607243,NULL
150879369895834,key,uid,ebay - #181589791104,ebay - #181589791104,NULL
1508793698385963,key,uid,ebay - #390960401679,ebay - #390960401679,NULL
1508793698385981,key,uid,ebay - #390961234909,ebay - #390961234909,NULL
1508793698385498,key,uid,ebay - #390951205454,ebay - #390951205454,NULL
1508793698386065,key,uid,ebay - #390962787488,ebay - #390962787488,NULL
1508793698386133,key,uid,ebay - #390963552483,ebay - #390963552483,NULL
150879369895552,key,uid,ebay - #181550032752,ebay - #181550032752,NULL
1508793698386276,key,uid,ebay - #390965712304,ebay - #390965712304,NULL
150879369895500,key,uid,ebay - #181542650485,ebay - #181542650485,NULL
1508793698386387,key,uid,ebay - #390967748922,ebay - #390967748922,NULL
150879369895576,key,uid,ebay - #181558145696,ebay - #181558145696,NULL
1508793698386553,key,uid,ebay - #390969810337,ebay - #390969810337,NULL
150879369895504,key,uid,ebay - #181542823778,ebay - #181542823778,NULL
1508793698386598,key,uid,ebay - #390970982192,ebay - #390970982192,NULL
1508793698386731,key,uid,ebay - #390973887754,ebay - #390973887754,NULL
150879369895516,key,uid,ebay - #181543910073,ebay - #181543910073,NULL
150879369895519,key,uid,ebay - #181544518154,ebay - #181544518154,NULL
1508793698386774,key,uid,ebay - #390974466018,ebay - #390974466018,NULL
1508793698386799,key,uid,ebay - #390975065929,ebay - #390975065929,NULL
150879369895524,key,uid,ebay - #181544666690,ebay - #181544666690,NULL
1508793698386880,key,uid,ebay - #390977952730,ebay - #390977952730,NULL
1508793698386923,key,uid,ebay - #390978737375,ebay - #390978737375,NULL
1508793698386961,key,uid,ebay - #390979929397,ebay - #390979929397,NULL
1508793698386975,key,uid,ebay - #390980043994,ebay - #390980043994,NULL
1508793698386998,key,uid,ebay - #390981027704,ebay - #390981027704,NULL
1508793698387011,key,uid,ebay - #390981145755,ebay - #390981145755,NULL
1508793698387181,key,uid,ebay - #390987256121,ebay - #390987256121,NULL
150879369895527,key,uid,ebay - #181544995422,ebay - #181544995422,NULL
1508793698387191,key,uid,ebay - #390987359713,ebay - #390987359713,NULL
1508793698387343,key,uid,ebay - #390998354771,ebay - #390998354771,NULL
1508793698387374,key,uid,ebay - #390999381466,ebay - #390999381466,NULL
1508793698387384,key,uid,ebay - #390999578661,ebay - #390999578661,NULL
1508793698387388,key,uid,ebay - #390999655082,ebay - #390999655082,NULL
1508793698387417,key,uid,ebay - #391000819297,ebay - #391000819297,NULL
150879369895550,key,uid,ebay - #181549956531,ebay - #181549956531,NULL
1508793698387457,key,uid,ebay - #391004821277,ebay - #391004821277,NULL
1508793698385343,key,uid,ebay - #390947217355,ebay - #390947217355,NULL
1508793698387819,key,uid,ebay - #391062531225,ebay - #391062531225,NULL
150879369893877,node,name,jetcodigital,ebay - #181275635037,NULL
1508793698385372,key,uid,ebay - #390947537598,ebay - #390947537598,NULL
150879369894264,key,uid,ebay - #181363541394,ebay - #181363541394,NULL
150879369894266,key,uid,ebay - #181364059669,ebay - #181364059669,NULL
150879369894277,key,uid,ebay - #181364927000,ebay - #181364927000,NULL
150879369894281,key,uid,ebay - #181364927054,ebay - #181364927054,NULL
150879369894304,key,uid,ebay - #181367299766,ebay - #181367299766,NULL
150879369894318,key,uid,ebay - #181368643729,ebay - #181368643729,NULL
150879369894340,key,uid,ebay - #181369929716,ebay - #181369929716,NULL
150879369894350,key,uid,ebay - #181371035861,ebay - #181371035861,NULL
150879369894375,key,uid,ebay - #181372470095,ebay - #181372470095,NULL
150879369894401,key,uid,ebay - #181376149305,ebay - #181376149305,NULL
150879369894418,key,uid,ebay - #181380507435,ebay - #181380507435,NULL
150879369894436,key,uid,ebay - #181382129877,ebay - #181382129877,NULL
150879369894440,key,uid,ebay - #181382286984,ebay - #181382286984,NULL
150879369894471,key,uid,ebay - #181384197872,ebay - #181384197872,NULL
150879369894876,key,uid,ebay - #181440497023,ebay - #181440497023,NULL
150879369894882,key,uid,ebay - #181440756639,ebay - #181440756639,NULL
150879369895303,key,uid,ebay - #181507981184,ebay - #181507981184,NULL
150879369895717,key,uid,ebay - #181571558928,ebay - #181571558928,NULL
150879369895638,key,uid,ebay - #181565451848,ebay - #181565451848,NULL